Date,DiverName,SiteCode,TimeStart,Time End,Depth,SurveyArea,SpeciesCode,UK,DS,BB,RB,YB,TLD,WP,WS,P,PB,BL,TotalDiseased,TotalHealthy,Notes
11/9/17,Joshua Voss,SEFL01,14:40,15:12,15,700,MCAV,0,0,0,0,0,2,0,0,0,0,0,4,2,Dead 2
11/9/17,Joshua Voss,SEFL01,14:40,15:12,15,700,PCLI,0,0,0,0,0,9,0,0,0,0,0,9,5,Dead 26
11/9/17,Joshua Voss,SEFL01,14:40,15:12,15,700,ISIN,0,0,0,0,0,0,0,0,0,0,0,0,1,
11/9/17,Joshua Voss,SEFL01,14:40,15:12,15,700,PAST,0,0,0,0,0,0,0,0,0,0,14,14,13,
11/9/17,Joshua Voss,SEFL02,13:29,14:05,20,600,PCLI,0,0,0,0,0,2,0,0,0,0,0,2,4,Dead 2
11/9/17,Joshua Voss,SEFL02,13:29,14:05,20,600,SBOU,0,0,0,0,0,0,0,0,0,0,2,2,0,Dead 1
11/9/17,Joshua Voss,SEFL02,13:29,14:05,20,600,MCAV,0,0,0,0,0,1,0,0,0,0,0,1,1,WB colony = Voss Mcav5; colony with lesion = Voss Mcav4
11/9/17,Joshua Voss,SEFL03,12:35,13:07,20,400,SINT,0,0,0,0,0,0,0,0,0,0,1,1,3,"Multiple bleached SRAD 13, all <10cm; 1 bleached SSID <10 cm"
11/9/17,Joshua Voss,SEFL03,12:35,13:07,20,400,PCLI,0,0,0,0,0,1,0,0,0,0,3,4,1,
11/9/17,Joshua Voss,SEFL03,12:35,13:07,20,400,SBOU,0,0,0,0,0,0,0,0,0,0,1,1,0,
12/8/17,Ryan Eckert,SEFL04,11:10,11:30,65,450,MCAV,0,0,0,0,0,0,0,0,0,0,0,0,20,
12/8/17,Ryan Eckert,SEFL04,11:10,11:30,65,450,PAST,0,0,0,0,0,0,0,0,0,0,0,0,11,
12/8/17,Ryan Eckert,SEFL04,11:10,11:30,65,450,UAGA,0,0,0,0,0,0,0,0,0,0,0,0,8,
12/8/17,Ryan Eckert,SEFL04,11:10,11:30,65,450,SINT,0,0,0,0,0,0,0,0,0,0,0,0,1,
12/8/17,Ryan Eckert,SEFL04,11:10,11:30,65,450,MDEC,0,0,0,0,0,0,0,0,0,0,0,0,1,
12/8/17,Ryan Eckert,SEFL04,11:10,11:30,65,450,SSID,0,0,0,0,0,0,0,0,0,0,0,0,1,
12/8/17,Ryan Eckert,SEFL04,11:10,11:30,65,450,CNAT,0,0,0,0,0,0,0,0,0,0,0,0,1,
12/8/17,Ryan Eckert,SEFL04,11:10,11:30,65,450,PSTRI,0,0,0,0,0,0,0,0,0,0,0,0,1,
12/8/17,Ryan Eckert,SEFL04,11:10,11:30,65,450,ALAM,0,0,0,0,0,0,0,0,0,0,0,0,1,
12/8/17,Ryan Eckert,SEFL04,11:10,11:30,65,450,OFAV,0,0,0,0,0,0,0,0,1,0,0,1,1,Paling on 25% of colony
12/8/17,Ryan Eckert,SEFL05,12:08,12:29,70,480,MCAV,0,0,0,0,0,0,0,0,0,0,0,0,22,"MCAV w/ affected margins/ dead polyps, no sloughing tissue, no other apparent disease, only old mortality on several mcav."
12/8/17,Ryan Eckert,SEFL05,12:08,12:29,70,480,UAGA,0,0,0,0,0,0,0,0,0,0,0,0,2,
12/8/17,Ryan Eckert,SEFL06,13:12,13:32,71,600,MCAV,0,0,0,0,0,1,0,0,0,0,0,1,87,"MCAV diseased, dead margin, no sloughing tissue"
12/8/17,Ryan Eckert,SEFL06,13:12,13:32,71,600,SBOU,0,0,0,0,0,0,0,0,0,0,0,0,1,
12/8/17,Ryan Eckert,SEFL06,13:12,13:32,71,600,PAST,0,0,0,0,0,0,0,0,0,0,0,0,29,
12/8/17,Ryan Eckert,SEFL06,13:12,13:32,71,600,MDEC,0,0,0,0,0,0,0,0,0,0,0,0,1,
12/8/17,Ryan Eckert,SEFL06,13:12,13:32,71,600,SSID,0,0,0,0,0,0,0,0,0,0,0,0,1,
12/8/17,Ryan Eckert,SEFL06,13:12,13:32,71,600,UAGA,0,0,0,0,0,0,0,0,0,0,0,0,9,
12/8/17,Ryan Eckert,SEFL06,13:12,13:32,71,600,PSTR,0,0,0,0,0,0,0,0,0,0,0,0,1,
12/7/17,Joshua Voss,SEFL08,10:01,10:21,55,700,MCAV,0,0,0,0,0,0,0,0,0,0,0,0,19,
12/7/17,Joshua Voss,SEFL08,10:01,10:21,55,700,MDEC,0,0,0,0,0,0,0,0,0,0,0,0,7,
12/7/17,Joshua Voss,SEFL08,10:01,10:21,55,700,SSID,0,0,0,0,0,0,0,0,0,0,0,0,4,
12/7/17,Joshua Voss,SEFL08,10:01,10:21,55,700,PAST,0,0,0,0,0,0,0,0,0,0,0,0,6,
12/7/17,Joshua Voss,SEFL08,10:01,10:21,55,700,SINT,0,0,0,0,0,0,0,0,0,0,0,0,1,
12/7/17,Joshua Voss,SEFL08,10:01,10:21,55,700,MLAM,0,0,0,0,0,0,0,0,0,0,0,0,1,
12/7/17,Joshua Voss,SEFL09,10:48,11:05,26,900,MCAV,0,0,0,0,0,0,0,0,0,0,0,0,3,
12/7/17,Joshua Voss,SEFL09,10:48,11:05,26,900,PSTR,0,0,0,0,0,0,0,0,0,0,0,0,3,
12/7/17,Joshua Voss,SEFL09,10:48,11:05,26,900,SBOU,0,0,0,0,0,0,0,0,0,0,0,0,1,
12/7/17,Joshua Voss,SEFL09,10:48,11:05,26,900,DSTO,0,0,0,0,0,0,0,0,0,0,0,0,0,1 dead with turf developing
12/7/17,Joshua Voss,SEFL09,10:48,11:05,26,900,PCLI,0,0,0,0,0,0,0,0,0,0,0,0,1,
12/7/17,Joshua Voss,SEFL10,11:24,11:43,17,1200,MDEC,0,0,0,0,0,0,0,0,0,0,0,0,1,
12/7/17,Joshua Voss,SEFL10,11:24,11:43,17,1200,PAST,0,0,0,0,0,0,0,0,0,0,0,0,3,
12/7/17,Joshua Voss,SEFL10,11:24,11:43,17,1200,SINT,0,0,0,0,0,0,0,0,0,0,0,0,2,
12/7/17,Joshua Voss,SEFL10,11:24,11:43,17,1200,SRAD,0,0,0,0,0,0,0,0,2,0,0,2,2,2 paling
12/7/17,Joshua Voss,SEFL10,11:24,11:43,17,1200,PCLI,0,0,0,0,0,1,0,0,0,0,0,1,3,1 dead
12/7/17,Joshua Voss,SEFL10,11:24,11:43,17,1200,SBOU,0,0,0,0,0,0,0,0,0,0,0,0,1,
12/7/17,Joshua Voss,SEFL10,11:24,11:43,17,1200,PSTR,0,0,0,0,0,0,0,0,0,0,0,0,1,
12/7/17,Joshua Voss,SEFL11,11:59,12:19,49,1300,MCAV,0,0,0,0,0,1,0,0,0,0,0,1,34,Site near CREMP station with temp logger
12/7/17,Joshua Voss,SEFL11,11:59,12:19,49,1300,SINT,0,0,0,0,0,0,0,0,0,0,0,0,1,
12/7/17,Joshua Voss,SEFL11,11:59,12:19,49,1300,SRAD,0,0,0,0,0,0,0,0,0,0,0,0,1,
12/7/17,Joshua Voss,SEFL11,11:59,12:19,49,1300,SSID,0,0,0,0,0,0,0,0,0,0,0,0,3,"Many dead, unidentified colonies > 40"
12/7/17,Joshua Voss,SEFL11,11:59,12:19,49,1300,MDEC,0,0,0,0,0,0,0,0,0,0,0,0,2,
12/7/17,Joshua Voss,SEFL11,11:59,12:19,49,1300,MFOR,0,0,0,0,0,0,0,0,0,0,0,0,1,
12/7/17,Joshua Voss,SEFL11,11:59,12:19,49,1300,EFAST,0,0,0,0,0,0,0,0,0,0,0,0,1,
12/7/17,Joshua Voss,SEFL12,12:56,13:16,46,1600,MCAV,0,0,0,0,0,0,0,0,0,0,0,0,15,2 MCAV recruits
12/7/17,Joshua Voss,SEFL12,12:56,13:16,46,1600,MDEC,0,0,0,0,0,0,0,0,0,0,0,0,4,
12/7/17,Joshua Voss,SEFL12,12:56,13:16,46,1600,PAST,0,0,0,0,0,0,0,0,0,0,0,0,7,
12/7/17,Joshua Voss,SEFL12,12:56,13:16,46,1600,SSID,0,0,0,0,0,0,0,0,0,0,0,0,2,
12/7/17,Joshua Voss,SEFL12,12:56,13:16,46,1600,DSTO,0,0,0,0,0,0,0,0,0,0,0,0,1,1 CNAT recruit
12/7/17,Joshua Voss,SEFL12,12:56,13:16,46,1600,SBOU,0,0,0,0,0,0,0,0,0,0,0,0,1,
12/12/17,Ryan Eckert,SEFL13,9:41,10:01,57,500,MCAV,0,0,0,0,0,0,0,0,0,0,0,0,9,
12/12/17,Ryan Eckert,SEFL13,9:41,10:01,57,500,MFOR,0,0,0,0,0,0,0,0,0,0,0,0,13,
12/12/17,Ryan Eckert,SEFL13,9:41,10:01,57,500,MMEA,0,0,0,0,0,0,0,0,0,0,0,0,1,
12/12/17,Ryan Eckert,SEFL13,9:41,10:01,57,500,PAST,0,0,0,0,0,0,0,0,0,0,0,0,8,
12/12/17,Ryan Eckert,SEFL13,9:41,10:01,57,500,SSID,0,0,0,0,0,0,0,0,0,0,0,0,4,
12/12/17,Ryan Eckert,SEFL13,9:41,10:01,57,500,DLAB,0,0,0,0,0,0,0,0,0,0,0,0,1,
12/12/17,Ryan Eckert,SEFL13,9:41,10:01,57,500,SINT,0,0,0,0,0,0,0,0,0,0,0,0,5,
12/12/17,Ryan Eckert,SEFL13,9:41,10:01,57,500,MLAM,0,0,0,0,0,0,0,0,0,0,0,0,2,
12/12/17,Ryan Eckert,SEFL13,9:41,10:01,57,500,PSTR,0,0,0,0,0,0,0,0,0,0,0,0,1,
12/12/17,Ryan Eckert,SEFL13,9:41,10:01,57,500,EFAST,0,0,0,0,0,0,0,0,0,0,0,0,1,
12/12/17,Ryan Eckert,SEFL13,9:41,10:01,57,500,DSTO,0,0,0,0,0,0,0,0,0,0,0,0,1,
12/12/17,Ryan Eckert,SEFL13,9:41,10:01,57,500,MFER,0,0,0,0,0,0,0,0,0,0,0,0,2,
12/12/17,Ryan Eckert,SEFL13,9:41,10:01,57,500,SCOL,0,0,0,0,0,0,0,0,0,0,0,0,1,
12/12/17,Ryan Eckert,SEFL14,10:39,11:00,56,400,MCAV,0,0,0,0,0,1,0,0,0,0,0,1,13,"Dead margin, no active sloughing"
12/12/17,Ryan Eckert,SEFL14,10:39,11:00,56,400,SINT,0,0,0,0,0,0,0,0,0,0,0,0,3,
12/12/17,Ryan Eckert,SEFL14,10:39,11:00,56,400,FFRA,0,0,0,0,0,0,0,0,0,0,0,0,1,
12/12/17,Ryan Eckert,SEFL14,10:39,11:00,56,400,DSTO,0,0,0,0,0,0,0,0,0,0,0,0,1,
12/12/17,Ryan Eckert,SEFL14,10:39,11:00,56,400,PAST,0,0,0,0,0,0,0,0,0,0,0,0,1,
12/12/17,Ryan Eckert,SEFL14,10:39,11:00,56,400,SSID,0,0,0,0,0,0,0,0,0,0,0,0,1,
12/12/17,Ryan Eckert,SEFL15,11:50,12:19,74,400,UAGA,0,0,0,0,0,0,0,0,0,0,0,0,39,
12/12/17,Ryan Eckert,SEFL15,11:50,12:19,74,400,MCAV,0,0,0,0,0,0,0,0,0,0,0,0,28,
12/12/17,Ryan Eckert,SEFL15,11:50,12:19,74,400,MLAM,0,0,0,0,0,0,0,0,0,0,0,0,4,
12/12/17,Ryan Eckert,SEFL15,11:50,12:19,74,400,HCUC,0,0,0,0,0,0,0,0,0,0,0,0,3,
12/12/17,Ryan Eckert,SEFL15,11:50,12:19,74,400,PAST,0,0,0,0,0,0,0,0,0,0,0,0,20,
12/12/17,Ryan Eckert,SEFL15,11:50,12:19,74,400,MDEC,0,0,0,0,0,0,0,0,0,0,0,0,3,
12/12/17,Ryan Eckert,SEFL15,11:50,12:19,74,400,SINT,0,0,0,0,0,0,0,0,0,0,0,0,4,
12/12/17,Ryan Eckert,SEFL15,11:50,12:19,74,400,MPHA,0,0,0,0,0,0,0,0,0,0,0,0,1,
12/12/17,Ryan Eckert,SEFL15,11:50,12:19,74,400,SSID,0,0,0,0,0,0,0,0,0,0,0,0,1,
12/12/17,Ryan Eckert,SEFL15,11:50,12:19,74,400,SBOU,0,0,0,0,0,0,0,0,0,0,0,0,1,
12/12/17,Ryan Eckert,SEFL17,13:08,13:21,65,550,MDEC,0,0,0,0,0,0,0,0,0,0,0,0,3,
12/12/17,Ryan Eckert,SEFL17,13:08,13:21,65,550,MCAV,0,0,0,0,0,0,0,0,0,0,0,0,45,
12/12/17,Ryan Eckert,SEFL17,13:08,13:21,65,550,SINT,0,0,0,0,0,1,0,0,0,0,0,1,3,WB or tissue sloughing
12/12/17,Ryan Eckert,SEFL17,13:08,13:21,65,550,MLAM,0,0,0,0,0,0,0,0,0,0,0,0,1,
12/12/17,Ryan Eckert,SEFL17,13:08,13:21,65,550,SSID,0,0,0,0,0,0,0,0,0,0,0,0,3,
12/12/17,Ryan Eckert,SEFL17,13:08,13:21,65,550,PAST,0,0,0,0,0,0,0,0,0,0,0,0,8,
12/12/17,Ryan Eckert,SEFL17,13:08,13:21,65,550,HCUC,0,0,0,0,0,0,0,0,0,0,0,0,1,
12/12/17,Ryan Eckert,SEFL17,13:08,13:21,65,550,MMEA,0,0,0,0,0,0,0,0,0,0,0,0,2,
1/10/18,Michael Studivan,SEFL16,8:32,8:52,50,500,MCAV,0,0,0,0,0,1,0,0,0,0,0,1,46,
1/10/18,Michael Studivan,SEFL16,8:32,8:52,50,500,MMEA,0,0,0,0,0,0,0,0,0,0,0,0,1,
1/10/18,Michael Studivan,SEFL16,8:32,8:52,50,500,PAST,0,0,0,0,0,0,0,0,0,0,0,0,18,
1/10/18,Michael Studivan,SEFL16,8:32,8:52,50,500,SSID,0,0,0,0,0,1,0,0,0,0,0,1,1,
1/10/18,Michael Studivan,SEFL18,9:22,9:42,47,800,MAUR,0,0,0,0,0,0,0,0,0,0,0,0,TMTC,formerly known as M. mirabilis
1/10/18,Michael Studivan,SEFL18,9:22,9:42,47,800,MCAV,0,0,0,0,0,0,0,0,0,0,0,0,18,
1/10/18,Michael Studivan,SEFL18,9:22,9:42,47,800,SSID,0,0,0,0,0,0,0,0,0,0,0,0,4,
1/10/18,Michael Studivan,SEFL18,9:22,9:42,47,800,PAST,0,0,0,0,0,0,0,0,0,0,0,0,1,
1/10/18,Michael Studivan,SEFL18,9:22,9:42,47,800,MALC,0,0,0,0,0,0,0,0,0,0,0,0,1,
1/10/18,Michael Studivan,SEFL19,10:13,10:33,60,600,SINT,0,0,0,0,0,0,0,0,0,0,0,0,5,
1/10/18,Michael Studivan,SEFL19,10:13,10:33,60,600,UAGA,0,0,0,0,0,0,0,0,0,0,0,0,3,
1/10/18,Michael Studivan,SEFL19,10:13,10:33,60,600,MCAV,0,0,0,0,0,3,0,0,0,0,0,3,17,
1/10/18,Michael Studivan,SEFL19,10:13,10:33,60,600,PAST,0,0,0,0,0,0,0,0,0,0,0,0,9,
1/10/18,Michael Studivan,SEFL19,10:13,10:33,60,600,SSID,0,0,0,0,0,0,0,0,0,0,0,0,2,
1/10/18,Michael Studivan,SEFL19,10:13,10:33,60,600,MMEA,0,0,0,0,0,0,0,0,0,0,0,0,1,
1/10/18,Michael Studivan,SEFL19,10:13,10:33,60,600,MDEC,0,0,0,0,0,0,0,0,0,0,0,0,2,
1/10/18,Michael Studivan,SEFL19,10:13,10:33,60,600,MALI,0,0,0,0,0,0,0,0,0,0,0,0,2,
1/10/18,Michael Studivan,SEFL19,10:13,10:33,60,600,EFAS,0,0,0,0,0,0,0,0,0,0,0,0,1,
1/10/18,Michael Studivan,SEFL19,10:13,10:33,60,600,SBOU,0,0,0,0,0,0,0,0,0,0,0,0,1,
1/10/18,Michael Studivan,SEFL19,10:13,10:33,60,600,PCLI,0,0,0,0,0,0,0,0,0,0,0,0,1,
1/10/18,Michael Studivan,SEFL20,11:09,11:29,50,700,PAST,0,0,0,0,0,0,0,0,0,0,0,0,24,
1/10/18,Michael Studivan,SEFL20,11:09,11:29,50,700,MCAV,0,0,0,0,0,1,0,0,0,0,0,1,33,
1/10/18,Michael Studivan,SEFL20,11:09,11:29,50,700,SSID,0,0,0,0,0,0,0,0,0,0,0,0,8,
1/10/18,Michael Studivan,SEFL20,11:09,11:29,50,700,PCLI,0,0,0,0,0,0,0,0,0,0,0,0,3,
1/10/18,Michael Studivan,SEFL20,11:09,11:29,50,700,SINT,0,0,0,0,0,0,0,0,0,0,0,0,1,
1/10/18,Michael Studivan,SEFL20,11:09,11:29,50,700,ISIN,0,0,0,0,0,0,0,0,0,0,0,0,1,
1/10/18,Michael Studivan,SEFL20,11:09,11:29,50,700,MDEC,0,0,0,0,0,0,0,0,0,0,0,0,2,
1/10/18,Michael Studivan,SEFL20,11:09,11:29,50,700,UAGA,0,0,0,0,0,0,0,0,1,0,0,0,2,
1/10/18,Michael Studivan,SEFL20,11:09,11:29,50,700,EFAS,0,0,0,0,0,0,0,0,0,0,0,0,1,1 paling
1/10/18,Michael Studivan,SEFL21,12:03,12:23,52,700,SSID,0,0,0,0,0,1,0,0,0,0,0,1,5,
1/10/18,Michael Studivan,SEFL21,12:03,12:23,52,700,MCAV,0,0,0,0,0,0,0,0,0,0,0,0,42,
1/10/18,Michael Studivan,SEFL21,12:03,12:23,52,700,UAGA,0,0,0,0,0,0,0,0,1,0,0,0,2,1 paling
1/10/18,Michael Studivan,SEFL21,12:03,12:23,52,700,PAST,0,0,0,0,0,0,0,0,0,0,0,0,6,
1/10/18,Michael Studivan,SEFL21,12:03,12:23,52,700,EFAS,0,0,0,0,0,0,0,0,0,0,0,0,1,
1/10/18,Michael Studivan,SEFL21,12:03,12:23,52,700,OFAV,0,0,0,0,0,0,0,0,0,0,0,0,2,
1/10/18,Michael Studivan,SEFL21,12:03,12:23,52,700,MDEC,0,0,0,0,0,0,0,0,0,0,0,0,2,
1/10/18,Michael Studivan,SEFL21,12:03,12:23,52,700,PCLI,0,0,0,0,0,0,0,0,0,0,0,0,1,
1/10/18,Michael Studivan,SEFL21,12:03,12:23,52,700,SBOU,0,0,0,0,0,0,0,0,0,0,0,0,1,
1/10/18,Michael Studivan,SEFL22,12:52,1:12,53,800,MCAV,0,0,0,0,0,2,0,0,0,0,0,2,49,
1/10/18,Michael Studivan,SEFL22,12:52,1:12,53,800,HCUC,0,0,0,0,0,0,0,0,0,0,0,0,1,
1/10/18,Michael Studivan,SEFL22,12:52,1:12,53,800,PAST,0,0,0,0,0,0,0,0,0,0,0,0,29,
1/10/18,Michael Studivan,SEFL22,12:52,1:12,53,800,SSID,0,0,0,0,0,0,0,0,0,0,0,0,5,
1/10/18,Michael Studivan,SEFL22,12:52,1:12,53,800,MMEA,0,0,0,0,0,0,0,0,0,0,0,0,1,
1/10/18,Michael Studivan,SEFL22,12:52,1:12,53,800,MDEC,0,0,0,0,0,0,0,0,0,0,0,0,4,
1/10/18,Michael Studivan,SEFL22,12:52,1:12,53,800,UAGA,0,0,0,0,0,0,0,0,0,0,0,0,1,
1/10/18,Michael Studivan,SEFL22,12:52,1:12,53,800,MALI,0,0,0,0,0,0,0,0,0,0,0,0,1,
1/10/18,Michael Studivan,SEFL22,12:52,1:12,53,800,SINT,0,0,0,0,0,0,0,0,0,0,0,0,3,
1/10/18,Michael Studivan,SEFL22,12:52,1:12,53,800,DSTO,0,0,0,0,0,0,0,0,0,0,0,0,1,
1/10/18,Michael Studivan,SEFL22,12:52,1:12,53,800,PCLI,0,0,0,0,0,0,0,0,0,0,0,0,1,
4/19/18,Joshua Voss,SEFL10,11:05,11:25,50,750,MCAV,0,0,0,0,0,0,0,0,0,0,1,1,52,3 recruits
4/19/18,Joshua Voss,SEFL10,11:05,11:25,50,750,SBOU,0,0,0,0,0,0,0,0,0,0,0,0,1,
4/19/18,Joshua Voss,SEFL10,11:05,11:25,50,750,SRAD,0,0,0,0,0,0,0,0,0,0,0,0,1,
4/19/18,Joshua Voss,SEFL10,11:05,11:25,50,750,PAST,0,0,0,0,0,0,0,0,0,0,0,0,17,
4/19/18,Joshua Voss,SEFL10,11:05,11:25,50,750,AAGA,0,0,0,0,0,0,0,0,0,0,0,0,2,
4/19/18,Joshua Voss,SEFL10,11:05,11:25,50,750,MFOR,0,0,0,0,0,0,0,0,0,0,0,0,11,
4/19/18,Joshua Voss,SEFL10,11:05,11:25,50,750, OFAV,0,0,0,0,0,0,0,0,0,0,0,0,2,
4/19/18,Ryan Eckert,SEFL10,11:04,11:25,50,750,PAST,0,0,0,0,0,0,0,0,0,0,0,0,30,
4/19/18,Ryan Eckert,SEFL10,11:04,11:25,50,750,MCAV,0,0,0,0,0,0,0,0,0,0,1,1,45,
4/19/18,Ryan Eckert,SEFL10,11:04,11:25,50,750,SINT,0,0,0,0,0,0,0,0,0,0,0,0,3,
4/19/18,Ryan Eckert,SEFL10,11:04,11:25,50,750,SSID,0,0,0,0,0,0,0,0,0,0,0,0,3,
4/19/18,Ryan Eckert,SEFL10,11:04,11:25,50,750,DSTO,0,0,0,0,0,0,0,0,0,0,0,0,2,
4/19/18,Ryan Eckert,SEFL10,11:04,11:25,50,750,MDEC,0,0,0,0,0,0,0,0,0,0,0,0,5,
4/19/18,Ryan Eckert,SEFL10,11:04,11:25,50,750,PSTR,0,0,0,0,0,0,0,0,0,0,0,0,1,
4/19/18,Alexis Sturm,SEFL08,12:44,13:04,50,750,MCAV,0,0,0,0,0,0,0,0,0,0,0,0,24,Old Fishing Line
4/19/18,Alexis Sturm,SEFL08,12:44,13:04,50,750,MDEC,0,0,0,0,0,0,0,0,0,0,0,0,8,
4/19/18,Alexis Sturm,SEFL08,12:44,13:04,50,750,SSID,0,0,0,0,0,0,0,0,0,0,0,0,6,
4/19/18,Alexis Sturm,SEFL08,12:44,13:04,50,750,AAGA,0,0,0,0,0,0,0,0,0,0,0,0,2,
4/19/18,Alexis Sturm,SEFL08,12:44,13:04,50,750,PAST,0,0,0,0,0,0,0,0,0,0,0,0,19,
4/19/18,Ian Combs,SEFL08,12:46,13:06,50,750,PAST,0,0,0,0,0,0,0,0,0,0,0,0,36,
4/19/18,Ian Combs,SEFL08,12:46,13:06,50,750,SSID,0,0,0,0,0,0,0,0,0,0,0,0,2,
4/19/18,Ian Combs,SEFL08,12:46,13:06,50,750,MMEA,0,0,0,0,0,0,0,0,0,0,0,0,2,252
4/19/18,Ian Combs,SEFL08,12:46,13:06,50,750,MCAV,0,0,0,0,0,0,0,0,0,0,0,0,19,
4/19/18,Ian Combs,SEFL08,12:46,13:06,50,750,SINT,0,0,0,0,0,0,0,0,0,0,0,0,2,
4/19/18,Ian Combs,SEFL08,12:46,13:06,50,750,SRAD,0,0,0,0,0,0,0,0,0,0,0,0,3,
4/19/18,Ian Combs,SEFL08,12:46,13:06,50,750,MDEC,0,0,0,0,0,0,0,0,0,0,0,0,4,
4/19/18,Ian Combs,SEFL08,12:46,13:06,50,750,AAGA,0,0,0,0,0,0,0,0,0,0,0,0,2,
5/11/18,Michael Studivan,SEFL19,11:27,11:47,61,800,MCAV,0,0,0,0,0,0,0,0,0,0,0,0,31,
5/11/18,Michael Studivan,SEFL19,11:27,11:47,61,800,EFAS,0,0,0,0,0,0,0,0,0,0,0,0,1,
5/11/18,Michael Studivan,SEFL19,11:27,11:47,61,800,SINT,0,0,0,0,0,0,0,0,0,0,0,0,6,
5/11/18,Michael Studivan,SEFL19,11:27,11:47,61,800,SSID,0,0,0,0,0,0,0,0,0,0,0,0,9,
5/11/18,Michael Studivan,SEFL19,11:27,11:47,61,800,MFOR,0,0,0,0,0,0,0,0,0,0,0,0,6,
5/11/18,Michael Studivan,SEFL19,11:27,11:47,61,800,PAST,0,0,0,0,0,0,0,0,0,0,0,0,11,
5/11/18,Michael Studivan,SEFL19,11:27,11:47,61,800,MDAN,0,0,0,0,0,0,0,0,0,0,0,0,3,
5/11/18,Michael Studivan,SEFL19,11:27,11:47,61,800,ALAM,0,0,0,0,0,0,0,0,1,0,0,1,2,
5/11/18,Michael Studivan,SEFL19,11:27,11:47,61,800,OFAV,0,0,0,0,0,0,0,0,0,0,0,0,1,
5/11/18,Michael Studivan,SEFL19,11:27,11:47,61,800,AAGA,0,0,0,0,0,0,0,0,0,0,0,0,2,
5/11/18,Jeff Beal,SEFL19*,10:32,10:52,54,1000,MCAV,0,0,0,0,0,0,0,0,0,0,0,0,19,This site was 200ft north of SEFL 19
5/11/18,Jeff Beal,SEFL19*,10:32,10:52,54,1000,PAST,0,0,0,0,0,0,0,0,0,0,0,0,4,
5/11/18,Jeff Beal,SEFL19*,10:32,10:52,54,1000,SBOU,0,0,0,0,0,0,0,0,0,0,0,0,1,
5/11/18,Jeff Beal,SEFL19*,10:32,10:52,54,1000,ALAM,0,0,0,0,0,0,0,0,0,0,0,0,1,
5/11/18,Jeff Beal,SEFL19*,10:32,10:52,54,1000,SSID,0,0,0,0,0,0,0,0,0,0,0,0,2,
5/11/18,Jeff Beal,SEFL19*,10:32,10:52,54,1000,MDAN,0,0,0,0,0,0,0,0,0,0,0,0,1,
5/11/18,Jeff Beal,SEFL19*,10:32,10:52,54,1000,MFORM,0,0,0,0,0,0,0,0,0,0,0,0,1,
5/11/18,Jeff Beal,SEFL16,11:40,12:00,45,1000,MDEC,0,0,0,0,0,0,0,0,0,0,0,0,12,
5/11/18,Jeff Beal,SEFL16,11:40,12:00,45,1000,OANN,0,0,0,0,0,0,0,0,0,0,0,0,1,
5/11/18,Jeff Beal,SEFL16,11:40,12:00,45,1000,MCAV,0,0,0,0,0,0,0,0,0,0,0,0,26,
5/11/18,Jeff Beal,SEFL16,11:40,12:00,45,1000,PAST,0,0,0,0,0,0,0,0,0,0,0,0,5,
5/11/18,Jeff Beal,SEFL16,11:40,12:00,45,1000,SSID,0,0,0,0,0,0,0,0,0,0,0,0,2,
5/11/18,Jeff Beal,SEFL16,11:40,12:00,45,1000,SINT,0,0,0,0,0,0,0,0,0,0,0,0,3,
5/30/18,Jeff Beal,SEFL04,11:10,11:30,70,100,MCAV,0,0,0,0,0,0,0,0,0,0,0,0,9,
5/30/18,Jeff Beal,SEFL04,11:10,11:30,70,100,OANN,0,0,0,0,0,0,0,0,0,0,0,0,1,
5/30/18,Jeff Beal,SEFL04,11:10,11:30,70,100,SBOU,0,0,0,0,0,0,0,0,0,0,0,0,4,
5/30/18,Jeff Beal,SEFL04,11:10,11:30,70,100,AGGA,0,0,0,0,0,0,0,0,0,0,0,0,7,
5/30/18,Jeff Beal,SEFL04,11:10,11:30,70,100,SSID,0,0,0,0,0,0,0,0,0,0,0,0,3,
5/30/18,Jeff Beal,SEFL04,11:10,11:30,70,100,PAST,0,0,0,0,0,0,0,0,0,0,0,0,3,
5/30/18,Jeff Beal,SEFL04,11:10,11:30,70,100,SRAD,0,0,0,0,0,0,0,0,0,0,0,0,1,
6/1/18,Michael Studivan,SEFL06,11:02,11:22,70,2000,MCAV,0,0,0,0,0,0,0,0,0,0,0,0,69,21 Dead
6/1/18,Michael Studivan,SEFL06,11:02,11:22,70,2000,PAST,0,0,0,0,0,0,0,0,0,0,0,0,10,
6/1/18,Michael Studivan,SEFL06,11:02,11:22,70,2000,AAGA,0,0,0,0,0,0,0,0,0,0,0,0,7,
6/1/18,Michael Studivan,SEFL06,11:02,11:22,70,2000,SSID,0,0,0,0,0,0,0,0,0,0,0,0,1,
6/1/18,Michael Studivan,SEFL06,11:02,11:22,70,2000,SINT,0,0,0,0,0,0,0,0,0,0,0,0,2,
6/1/18,Michael Studivan,SEFL06,11:02,11:22,70,2000,HCUC,0,0,0,0,0,0,0,0,0,0,0,0,1,
6/1/18,Michael Studivan,SEFL05,12:52,13:12,67,2000,MCAV,0,0,0,0,0,0,0,0,0,0,0,0,18,
6/1/18,Michael Studivan,SEFL05,12:52,13:12,67,2000,ODIF,0,0,0,0,0,0,0,0,0,0,0,0,1,4 Dead
6/1/18,Michael Studivan,SEFL05,12:52,13:12,67,2000,SSID,0,0,0,0,0,0,0,0,0,0,0,0,2,
6/1/18,Michael Studivan,SEFL05,12:52,13:12,67,2000,SINT,0,0,0,0,0,0,0,0,0,0,0,0,1,
6/1/18,Michael Studivan,SEFL05,12:52,13:12,67,2000,AAGA,0,0,0,0,0,0,0,0,0,0,0,0,1,
6/1/18,Michael Studivan,SEFL05,12:52,13:12,67,2000,DSTO,0,0,0,0,0,0,0,0,0,0,0,0,1,
8/22/18,Michael Studivan,SEFL06,11:29,11:49,60,600,MCAV,0,0,0,0,0,2,0,0,0,0,0,2,68,15 Dead Colonies
8/22/18,Michael Studivan,SEFL06,11:29,11:49,60,600,PAST,0,0,0,0,0,0,0,0,0,0,0,0,10,
8/22/18,Michael Studivan,SEFL06,11:29,11:49,60,600,AAGA,0,0,0,0,0,0,0,0,0,0,0,0,6,
8/22/18,Michael Studivan,SEFL06,11:29,11:49,60,600,SBOU,0,0,0,0,0,0,0,0,0,0,0,0,3,
8/22/18,Michael Studivan,SEFL06,11:29,11:49,60,600,SINT,0,0,0,0,0,0,0,0,0,0,0,0,3,
8/22/18,Michael Studivan,SEFL06,11:29,11:49,60,600,OFAV,0,0,0,0,0,0,0,0,0,0,0,0,1,
8/22/18,Michael Studivan,SEFL06,11:29,11:49,60,600,MDEC,0,0,0,0,0,0,0,0,0,0,0,0,1,
8/22/18,Michael Studivan,SEFL04,10:19,10:39,62,600,MCAV,0,0,0,0,0,0,0,0,0,0,0,0,49,5 Dead Colonies
8/22/18,Michael Studivan,SEFL04,10:19,10:39,62,600,PAST,0,0,0,0,0,0,0,0,0,0,0,0,4,
8/22/18,Michael Studivan,SEFL04,10:19,10:39,62,600,OFAV,0,0,0,0,0,0,0,0,0,0,0,0,1,
8/22/18,Michael Studivan,SEFL04,10:19,10:39,62,600,SSID,0,0,0,0,0,0,0,0,0,0,0,0,1,
8/22/18,Michael Studivan,SEFL04,10:19,10:39,62,600,SCUB,0,0,0,0,0,0,0,0,0,0,0,0,1,
8/22/18,Michael Studivan,SEFL04,10:19,10:39,62,600,AAGA,0,0,0,0,0,0,0,0,0,0,0,0,3,
8/22/18,Michael Studivan,SEFL04,10:19,10:39,62,600,HCUC,0,0,0,0,0,0,0,0,0,0,0,0,1,
8/22/18,Michael Studivan,SEFL05,13:05,13:25,66,700,MCAV,0,0,0,0,0,0,0,0,0,0,0,0,18,4 Dead Colonies
8/22/18,Michael Studivan,SEFL05,13:05,13:25,66,700,AAGA,0,0,0,0,0,0,0,0,0,0,0,0,1,
8/31/18,Jeff Beal,SEFL08,10:57,11:21,68,750,MDEC,0,0,0,0,0,0,0,0,0,0,0,0,10,
8/31/18,Jeff Beal,SEFL08,10:57,11:21,68,750,MCAV,0,0,0,0,0,0,0,0,0,0,0,0,44,
8/31/18,Jeff Beal,SEFL08,10:57,11:21,68,750,MYCE,0,0,0,0,0,0,0,0,0,0,0,0,1,
8/31/18,Jeff Beal,SEFL08,10:57,11:21,68,750,SSID,0,0,0,0,0,0,0,0,0,0,0,0,2,
8/31/18,Jeff Beal,SEFL08,10:57,11:21,68,750,PAST,0,0,0,0,0,0,0,0,0,0,0,0,23,
8/31/18,Jeff Beal,SEFL08,10:57,11:21,68,750,SBOU,0,0,0,0,0,0,0,0,0,0,0,0,1,
8/31/18,Jeff Beal,SEFL08,10:57,11:21,68,750,MMEA,0,0,0,0,0,0,0,0,0,0,0,0,3,
8/31/18,Jeff Beal,SEFL08,10:57,11:21,68,750,AAGA,0,0,0,0,0,0,0,0,0,0,0,0,2,
8/31/18,Jeff Beal,SEFL08,10:57,11:21,68,750,DSTO,0,0,0,0,0,0,0,0,0,0,0,0,1,
8/31/18,Jeff Beal,SEFL11,11:57,12:17,50,700,PAST,0,0,0,0,0,1,0,0,0,0,0,1,10,
8/31/18,Jeff Beal,SEFL11,11:57,12:17,50,700,MCAV,0,0,0,0,0,1,0,0,0,0,0,1,35,
8/31/18,Jeff Beal,SEFL11,11:57,12:17,50,700,MDEC,0,0,0,0,0,0,0,0,0,0,0,0,1,
8/31/18,Jeff Beal,SEFL11,11:57,12:17,50,700,MMEA,0,0,0,0,0,0,0,0,0,0,0,0,4,5 cup corals
8/31/18,Jeff Beal,SEFL11,11:57,12:17,50,700,MANG,0,0,0,0,0,0,0,0,0,0,0,0,1,
8/31/18,Jeff Beal,SEFL11,11:57,12:17,50,700,SRAD,0,0,0,0,0,0,0,0,0,0,0,0,3,
8/31/18,Jeff Beal,SEFL11,11:57,12:17,50,700,SSID,0,0,0,0,0,0,0,0,0,0,0,0,2,
11/8/18,Ryan Eckert,FTL4,11:56,12:16,22,800,MCAV,0,0,0,0,0,8,0,0,0,0,0,8,47,
11/8/18,Ryan Eckert,FTL4,11:56,12:16,22,800,SBOU,0,0,0,0,0,0,0,0,0,0,0,0,2,
11/8/18,Ryan Eckert,FTL4,11:56,12:16,22,800,SINT,0,0,0,0,0,0,0,0,0,0,0,0,1,
11/8/18,Ryan Eckert,FTL4,11:56,12:16,22,800,SSID,0,0,0,0,0,0,0,0,0,0,0,0,5,
11/8/18,Ryan Eckert,FTL4,11:56,12:16,22,800,OFAV,0,0,0,0,0,1,0,0,0,0,0,1,1,
11/8/18,Ryan Eckert,BC1,13:45,14:05,31,1000,MCAV,0,0,0,0,0,25,0,0,0,0,0,25,180,
11/8/18,Ryan Eckert,BC1,13:45,14:05,31,1000,OFAV,0,0,0,0,0,0,0,0,0,0,0,0,7,
11/8/18,Ryan Eckert,BC1,13:45,14:05,31,1000,SBOU,0,0,0,0,0,0,0,0,0,0,0,0,3,
11/8/18,Ryan Eckert,BC1,13:45,14:05,31,1000,PAST,0,0,0,0,0,0,0,0,0,0,0,0,4,
11/8/18,Ryan Eckert,BC1,13:45,14:05,31,1000,SSID,0,0,0,0,0,0,0,0,0,0,0,0,4,
11/8/18,Ryan Eckert,BC1,13:45,14:05,31,1000,SINT,0,0,0,0,0,0,0,0,0,0,0,0,8,
11/8/18,Ryan Eckert,BC1,13:45,14:05,31,1000,MAUR,0,0,0,0,0,0,0,0,0,0,0,0,4,
11/8/18,Ryan Eckert,BC1,13:45,14:05,31,1000,CNAT,0,0,0,0,0,1,0,0,0,0,0,1,0,
11/8/18,Ryan Eckert,T328,15:03,15:23,18,900,MCAV,0,0,0,0,0,15,0,0,0,0,0,15,45,
11/8/18,Ryan Eckert,T328,15:03,15:23,18,900,OFAV,0,0,0,0,0,0,0,0,0,0,0,0,1,
11/8/18,Ryan Eckert,T328,15:03,15:23,18,900,SINT,0,0,0,0,0,0,0,0,0,0,0,0,2,
11/8/18,Ryan Eckert,T328,15:03,15:23,18,900,PAST,0,0,0,0,0,1,0,0,0,0,0,1,4,
11/8/18,Ryan Eckert,T328,15:03,15:23,18,900,SSID,0,0,0,0,0,0,0,0,0,0,0,0,3,
11/8/18,Ryan Eckert,T328,15:03,15:23,18,900,PSTR,0,0,0,0,0,0,0,0,0,0,0,0,3,
11/8/18,Ryan Eckert,T328,15:03,15:23,18,900,AAGA,0,0,0,0,0,1,0,0,0,0,0,1,0,
11/8/18,Ryan Eckert,T328,15:03,15:23,18,900,ACER,0,0,0,0,0,0,0,0,0,0,0,0,1,
12/17/18,Joshua Voss,T328,9:59,10:19,22,900,MCAV,0,0,0,0,0,10,0,0,0,0,0,10,70,
12/17/18,Joshua Voss,T328,9:59,10:19,22,900,OFAV,0,0,0,0,0,1,0,0,0,0,0,1,0,
12/17/18,Joshua Voss,T328,9:59,10:19,22,900,SSID,0,0,0,0,0,0,0,0,0,0,0,0,10,
12/17/18,Joshua Voss,T328,9:59,10:19,22,900,PAST,0,0,0,0,0,0,0,0,0,0,0,0,2,
12/17/18,Joshua Voss,T328,9:59,10:19,22,900,ACER,0,0,0,0,0,0,0,0,0,0,0,0,20,
12/17/18,Joshua Voss,T328,9:59,10:19,22,900,SINT,0,0,0,0,0,0,0,0,0,0,0,0,4,
12/17/18,Joshua Voss,T328,9:59,10:19,22,900,AAGA,0,0,0,0,0,0,0,0,0,0,0,0,2,
12/17/18,Joshua Voss,T328,9:59,10:19,22,900,SBOU,0,0,0,0,0,0,0,0,0,0,0,0,3,
12/17/18,Joshua Voss,T328,9:59,10:19,22,900,PCLI,0,0,0,0,0,0,0,0,0,0,0,0,1,
12/17/18,Joshua Voss,BC1,11:06,11:26,31,800,MCAV,0,0,0,0,0,23,0,0,0,0,0,23,192,
12/17/18,Joshua Voss,BC1,11:06,11:26,31,800,SINT,0,0,0,0,0,0,0,0,0,0,0,0,10,
12/17/18,Joshua Voss,BC1,11:06,11:26,31,800,PAST,0,0,0,0,0,0,0,0,0,0,0,0,11,
12/17/18,Joshua Voss,BC1,11:06,11:26,31,800,SSID,0,0,0,0,0,0,0,0,0,0,0,0,33,
12/17/18,Joshua Voss,BC1,11:06,11:26,31,800,PPOR,0,0,0,0,0,0,0,0,0,0,0,0,1,
12/17/18,Joshua Voss,BC1,11:06,11:26,31,800,OFAV,0,0,0,0,0,0,0,0,0,0,0,0,15,
12/17/18,Joshua Voss,BC1,11:06,11:26,31,800,SBOU,0,0,0,0,0,0,0,0,0,0,0,0,4,
12/17/18,Joshua Voss,BC1,11:06,11:26,31,800,AAGA,0,0,0,0,0,0,0,0,0,0,0,0,1,
12/17/18,Joshua Voss,BC1,11:06,11:26,31,800,MAUR,0,0,0,0,0,0,0,0,0,0,0,0,23,
12/17/18,Joshua Voss,BC1,11:06,11:26,31,800,CNAT,0,0,0,0,0,0,0,0,0,0,0,0,1,
12/17/18,Joshua Voss,BC1,11:06,11:26,31,800,MFOR,0,0,0,0,0,0,0,0,0,0,0,0,1,
12/17/18,Joshua Voss,T328,12:55,13:15,18,700,MCAV,0,0,0,0,0,9,0,0,0,0,0,9,60,
12/17/18,Joshua Voss,T328,12:55,13:15,18,700,PAST,0,0,0,0,0,0,0,0,0,0,0,0,5,
12/17/18,Joshua Voss,T328,12:55,13:15,18,700,SINT,0,0,0,0,0,0,0,0,0,0,0,0,3,
12/17/18,Joshua Voss,T328,12:55,13:15,18,700,SSID,0,0,0,0,0,0,0,0,0,0,0,0,5,
12/17/18,Joshua Voss,T328,12:55,13:15,18,700,PSTR,0,0,0,0,0,0,0,0,0,0,0,0,3,
12/17/18,Joshua Voss,T328,12:55,13:15,18,700,AAGA,0,0,0,0,0,0,0,0,0,0,0,0,2,
12/17/18,Joshua Voss,T328,12:55,13:15,18,700,OFAV,0,0,0,0,0,0,0,0,0,0,0,0,2,
12/18/18,Ryan Eckert,SEFL04,10:47,11:07,67,1500,MCAV,0,0,0,0,0,0,0,0,0,0,0,0,109,
12/18/18,Ryan Eckert,SEFL04,10:47,11:07,67,1500,PAST,0,0,0,0,0,0,0,0,0,0,0,0,6,
12/18/18,Ryan Eckert,SEFL04,10:47,11:07,67,1500,AAGA,0,0,0,0,0,0,0,0,0,0,0,0,7,
12/18/18,Ryan Eckert,SEFL04,10:47,11:07,67,1500,SINT,0,0,0,0,0,0,0,0,0,0,0,0,2,
12/18/18,Ryan Eckert,SEFL04,10:47,11:07,67,1500,SSID,0,0,0,0,0,0,0,0,0,0,0,0,1,
12/18/18,Ryan Eckert,SEFL04,10:47,11:07,67,1500,DSTO,0,0,0,0,0,0,0,0,0,0,0,0,1,
12/18/18,Ryan Eckert,SEFL04,10:47,11:07,67,1500,CNAT,0,0,0,0,0,0,0,0,0,0,0,0,1,
12/18/18,Ian Combs,SEFL04,10:47,11:07,67,1500,SSID,0,0,0,0,0,0,0,0,0,0,0,0,3,
12/18/18,Ian Combs,SEFL04,10:47,11:07,67,1500,MCAV,0,0,0,0,0,0,0,0,0,0,0,0,44,
12/18/18,Ian Combs,SEFL04,10:47,11:07,67,1500,PAST,0,0,0,0,0,0,0,0,0,0,0,0,10,
12/18/18,Ian Combs,SEFL04,10:47,11:07,67,1500,AAGA,0,0,0,0,0,0,0,0,0,0,0,0,5,
12/18/18,Ian Combs,SEFL04,10:47,11:07,67,1500,SRAD,0,0,0,0,0,0,0,0,0,0,0,0,1,
12/18/18,Ryan Eckert,SEFL05,11:46,12:06,74,1200,MCAV,0,0,0,0,0,0,0,0,0,0,0,0,16,
12/18/18,Ryan Eckert,SEFL05,11:46,12:06,74,1200,DSTO,0,0,0,0,0,0,0,0,0,0,0,0,2,
12/18/18,Ryan Eckert,SEFL05,11:46,12:06,74,1200,AAGA,0,0,0,0,0,0,0,0,0,0,0,0,3,
12/18/18,Ryan Eckert,SEFL05,11:46,12:06,74,1200,SRAD,0,0,0,0,0,0,0,0,0,0,0,0,1,
12/18/18,Ian Combs,SEFL05,11:46,12:06,74,1500,MCAV,0,0,0,0,0,0,0,0,0,0,0,0,6,
12/18/18,Ian Combs,SEFL05,11:46,12:06,74,1500,SRAD,0,0,0,0,0,0,0,0,0,0,0,0,1,"Lots of SSID, SRAD, SINT recruits <10cm"
12/18/18,Ian Combs,SEFL05,11:46,12:06,74,1500,SINT,0,0,0,0,0,0,0,0,0,0,0,0,2,
12/18/18,Ian Combs,SEFL05,11:46,12:06,74,1500,AAGA,0,0,0,0,0,0,0,0,0,0,0,0,2,
12/18/18,Ryan Eckert,SEFL06,12:46,13:06,78,1100,MCAV,0,0,0,0,0,3,0,0,0,0,0,3,123,
12/18/18,Ryan Eckert,SEFL06,12:46,13:06,78,1100,PAST,0,0,0,0,0,0,0,0,0,0,0,0,29,
12/18/18,Ryan Eckert,SEFL06,12:46,13:06,78,1100,SINT,0,0,0,0,0,0,0,0,0,0,0,0,5,
12/18/18,Ryan Eckert,SEFL06,12:46,13:06,78,1100,AAGA,0,0,0,0,0,0,0,0,0,0,0,0,4,
12/18/18,Ryan Eckert,SEFL06,12:46,13:06,78,1100,SBOU,0,0,0,0,0,0,0,0,0,0,0,0,2,
12/18/18,Ryan Eckert,SEFL06,12:46,13:06,78,1100,SSID,0,0,0,0,0,0,0,0,0,0,0,0,1,
12/18/18,Ian Combs,SEFL06,12:45,13:05,78,1200,MCAV,0,0,0,0,0,4,0,0,0,0,0,4,47,
12/18/18,Ian Combs,SEFL06,12:45,13:05,78,1200,PAST,0,0,0,0,0,0,0,0,0,0,0,0,13,
12/18/18,Ian Combs,SEFL06,12:45,13:05,78,1200,MDEC,0,0,0,0,0,0,0,0,0,0,0,0,1,
12/18/18,Ian Combs,SEFL06,12:45,13:05,78,1200,AAGA,0,0,0,0,0,0,0,0,0,0,0,0,6,
12/18/18,Ian Combs,SEFL06,12:45,13:05,78,1200,SINT,0,0,0,0,0,0,0,0,0,0,0,0,1,
12/18/18,Ian Combs,SEFL06,12:45,13:05,78,1200,SRAD,0,0,0,0,0,0,0,0,0,0,0,0,1,
2/5/19,Alexis Sturm,SEFL08,10:51,11:11,,1000,MCAV,0,0,0,0,0,0,0,0,0,0,0,0,58,
2/5/19,Alexis Sturm,SEFL08,10:51,11:11,,1000,PAST,0,0,0,0,0,0,0,0,0,0,0,0,8,
2/5/19,Alexis Sturm,SEFL08,10:51,11:11,,1000,MALC,0,0,0,0,0,0,0,0,0,0,0,0,2,
2/5/19,Alexis Sturm,SEFL08,10:51,11:11,,1000,MDEC,0,0,0,0,0,0,0,0,0,0,0,0,7,
2/5/19,Alexis Sturm,SEFL08,10:51,11:11,,1000,SSID,0,0,0,0,0,0,0,0,0,0,0,0,6,
2/5/19,Alexis Sturm,SEFL08,10:51,11:11,,1000,DSTO,0,0,0,0,0,0,0,0,0,0,0,0,2,
2/5/19,Alexis Sturm,SEFL08,10:51,11:11,,1000,SINT,0,0,0,0,0,0,0,0,0,0,0,0,2,
2/5/19,Alexis Sturm,SEFL08,10:51,11:11,,1000,SRAD,0,0,0,0,0,0,0,0,0,0,0,0,1,
2/5/19,Ryan Eckert,SEFL08,10:56,11:16,,1000,PAST,0,0,0,0,0,0,0,0,0,0,0,0,13,
2/5/19,Ryan Eckert,SEFL08,10:56,11:16,,1000,MCAV,0,0,0,0,0,0,0,0,0,0,0,0,48,
2/5/19,Ryan Eckert,SEFL08,10:56,11:16,,1000,MDEC,0,0,0,0,0,0,0,0,0,0,0,0,7,
2/5/19,Ryan Eckert,SEFL08,10:56,11:16,,1000,SSID,0,0,0,0,0,0,0,0,0,0,0,0,1,
2/5/19,Ryan Eckert,SEFL08,10:56,11:16,,1000,DLAB,0,0,0,0,0,0,0,0,0,0,0,0,1,
2/5/19,Ryan Eckert,SEFL08,10:56,11:16,,1000,PCLI,0,0,0,0,0,0,0,0,0,0,0,0,2,
2/5/19,Ryan Eckert,SEFL08,10:56,11:16,,1000,MMEA,0,0,0,0,0,0,0,0,0,0,0,0,2,
2/5/19,Ryan Eckert,SEFL08,10:56,11:16,,1000,PSTR,0,0,0,0,0,0,0,0,0,0,0,0,2,
2/5/19,Alexis Sturm,SEFL10,11:51,12:11,,800,SINT,0,0,0,0,0,0,0,0,0,0,0,0,1,
2/5/19,Alexis Sturm,SEFL10,11:51,12:11,,800,SRAD,0,0,0,0,0,0,0,0,0,0,0,0,20,
2/5/19,Alexis Sturm,SEFL10,11:51,12:11,,800,SBOU,0,0,0,0,0,0,0,0,0,0,0,0,4,
2/5/19,Ryan Eckert,SEFL10,11:56,12:16,,1200,PCLI,0,0,0,0,0,0,0,0,0,0,0,0,3,
2/5/19,Ryan Eckert,SEFL10,11:56,12:16,,1200,SINT,0,0,0,0,0,0,0,0,0,0,0,0,3,
2/5/19,Ryan Eckert,SEFL10,11:56,12:16,,1200,SRAD,0,0,0,0,0,0,0,0,0,0,0,0,7,
2/5/19,Ryan Eckert,SEFL10,11:56,12:16,,1200,SSID,0,0,0,0,0,0,0,0,0,0,0,0,7,
2/5/19,Ryan Eckert,SEFL10,11:56,12:16,,1200,SBOU,0,0,0,0,0,0,0,0,0,0,0,0,3,
2/5/19,Ryan Eckert,SEFL10,11:56,12:16,,1200,MCAV,0,0,0,0,0,0,0,0,0,0,0,0,1,
2/5/19,Ryan Eckert,SEFL10,11:56,12:16,,1200,OANN,0,0,0,0,0,0,0,0,0,0,0,0,6,
2/5/19,Alexis Sturm,SEFL11,12:38,12:58,,1200,MCAV,0,0,0,0,0,0,0,0,0,0,0,0,32,
2/5/19,Alexis Sturm,SEFL11,12:38,12:58,,1200,MAUR,0,0,0,0,0,0,0,0,0,0,0,0,3,
2/5/19,Alexis Sturm,SEFL11,12:38,12:58,,1200,SINT,0,0,0,0,0,0,0,0,0,0,0,0,5,
2/5/19,Alexis Sturm,SEFL11,12:38,12:58,,1200,MDEC,0,0,0,0,0,0,0,0,0,0,0,0,3,
2/5/19,Alexis Sturm,SEFL11,12:38,12:58,,1200,PAST,0,0,0,0,0,0,0,0,0,0,0,0,14,
2/5/19,Alexis Sturm,SEFL11,12:38,12:58,,1200,EFAS,0,0,0,0,0,0,0,0,0,0,0,0,2,
2/5/19,Alexis Sturm,SEFL11,12:38,12:58,,1200,MMEA,0,0,0,0,0,0,0,0,0,0,0,0,2,
2/5/19,Alexis Sturm,SEFL11,12:38,12:58,,1200,SSID,0,0,0,0,0,0,0,0,0,0,0,0,6,
2/5/19,Alexis Sturm,SEFL11,12:38,12:58,,1200,AAGA,0,0,0,0,0,0,0,0,0,0,0,0,1,
2/5/19,Ryan Eckert,SEFL11,12:43,13:03,,1400,PAST,0,0,0,0,0,0,0,0,0,0,0,0,23,
2/5/19,Ryan Eckert,SEFL11,12:43,13:03,,1400,MCAV,0,0,0,0,0,0,0,0,0,0,0,0,58,
2/5/19,Ryan Eckert,SEFL11,12:43,13:03,,1400,MAUR,0,0,0,0,0,0,0,0,0,0,0,0,1,
2/5/19,Ryan Eckert,SEFL11,12:43,13:03,,1400,SSID,0,0,0,0,0,0,0,0,0,0,0,0,3,
2/5/19,Ryan Eckert,SEFL11,12:43,13:03,,1400,MDEC,0,0,0,0,0,0,0,0,0,0,0,0,2,
2/5/19,Alexis Sturm,SEFL12,13:36,13:56,,1200,MCAV,0,0,0,0,0,0,0,0,0,0,0,0,28,
2/5/19,Alexis Sturm,SEFL12,13:36,13:56,,1200,PAST,0,0,0,0,0,0,0,0,0,0,0,0,10,
2/5/19,Alexis Sturm,SEFL12,13:36,13:56,,1200,SINT,0,0,0,0,0,0,0,0,0,0,0,0,3,
2/5/19,Alexis Sturm,SEFL12,13:36,13:56,,1200,SSID,0,0,0,0,0,0,0,0,0,0,0,0,4,
2/5/19,Alexis Sturm,SEFL12,13:36,13:56,,1200,PSTR,0,0,0,0,0,0,0,0,0,0,0,0,3,
2/5/19,Alexis Sturm,SEFL12,13:36,13:56,,1200,MMEA,0,0,0,0,0,0,0,0,0,0,0,0,1,
2/5/19,Ryan Eckert,SEFL12,13:41,14:01,,1200,MCAV,0,0,0,0,0,0,0,0,0,0,0,0,29,
2/5/19,Ryan Eckert,SEFL12,13:41,14:01,,1200,MMEA,0,0,0,0,0,0,0,0,0,0,0,0,3,
2/5/19,Ryan Eckert,SEFL12,13:41,14:01,,1200,MFER,0,0,0,0,0,0,0,0,0,0,0,0,1,
2/5/19,Ryan Eckert,SEFL12,13:41,14:01,,1200,SINT,0,0,0,0,0,0,0,0,0,0,0,0,2,
2/5/19,Ryan Eckert,SEFL12,13:41,14:01,,1200,MDEC,0,0,0,0,0,0,0,0,0,0,0,0,4,
2/5/19,Ryan Eckert,SEFL12,13:41,14:01,,1200,PAST,0,0,0,0,0,0,0,0,0,0,0,0,3,
2/5/19,Ryan Eckert,SEFL12,13:41,14:01,,1200,SSID,0,0,0,0,0,0,0,0,0,0,0,0,3,
2/5/19,Ryan Eckert,SEFL12,13:41,14:01,,1200,PSTR,0,0,0,0,0,0,0,0,0,0,0,0,1,
2/5/19,Ryan Eckert,SEFL12,13:41,14:01,,1200,DSTO,0,0,0,0,0,0,0,0,0,0,0,0,1,
2/5/19,Ryan Eckert,SEFL12,13:41,14:01,,1200,PCLI,0,0,0,0,0,0,0,0,0,0,0,0,1,
2/5/19,Ryan Eckert,SEFL12,13:41,14:01,,1200,FFRA,0,0,0,0,0,0,0,0,0,0,0,0,1,
2/5/19,Ryan Eckert,SEFL12,13:41,14:01,,1200,CNAT,0,0,0,0,0,0,0,0,0,0,0,0,1,
3/1/19,Joshua Voss,SLR South,10:32,11:13,,,SBOU,0,0,0,0,0,0,0,0,0,0,0,0,1,
3/1/19,Joshua Voss,SLR South,10:32,11:13,,,SRAD,0,0,0,0,0,0,0,0,0,0,0,0,9,
3/1/19,Joshua Voss,SLR South,10:32,11:13,,,MCAV,0,0,0,0,0,0,0,0,0,0,0,0,2,
3/1/19,Joshua Voss,SLR South,10:32,11:13,,,OVAR,0,0,0,0,0,0,0,0,0,0,0,0,1,
3/1/19,Joshua Voss,SLR Ledge,12:07,12:52,,,MCAV,0,0,0,0,0,0,0,0,0,0,0,0,8,
3/1/19,Joshua Voss,SLR Ledge,12:07,12:52,,,OVAR,0,0,0,0,0,0,0,0,0,0,0,0,4,
3/1/19,Joshua Voss,SLR Ledge,12:07,12:52,,,MDEC,0,0,0,0,0,0,0,0,0,0,0,0,14,
3/1/19,Joshua Voss,SLR Ledge,12:07,12:52,,,SRAD,0,0,0,0,0,0,0,0,0,0,0,0,13,
3/1/19,Joshua Voss,SLR Ledge,12:07,12:52,,,SSID,0,0,0,0,0,0,0,0,0,0,0,0,3,
3/1/19,Joshua Voss,SLR Ledge,12:07,12:52,,,PAST,0,0,0,0,0,0,0,0,0,0,0,0,11,
3/1/19,Jeff Beal,SLR Central,,,,,PAST,0,0,0,0,0,0,0,0,0,0,0,0,207,
3/1/19,Jeff Beal,SLR Central,,,,,MCAV,0,0,0,0,0,0,0,0,0,0,0,0,1,
3/1/19,Jeff Beal,SLR Central,,,,,SRAD,0,0,0,0,0,0,0,0,0,0,0,0,33,
3/1/19,Jeff Beal,SLR Central,,,,,PCLI,0,0,0,0,0,0,0,0,0,0,0,0,5,
3/4/19,Ian Combs,FTL4,10:25,10:45,,800,MCAV,0,0,0,0,0,5,0,0,0,0,0,5,69,
3/4/19,Ian Combs,FTL4,10:25,10:45,,800,SSID,0,0,0,0,0,0,0,0,0,0,0,0,8,
3/4/19,Ian Combs,FTL4,10:25,10:45,,800,SBOU,0,0,0,0,0,0,0,0,0,0,0,0,2,
3/4/19,Ian Combs,FTL4,10:25,10:45,,800,ACER,0,0,0,0,0,0,0,0,0,0,0,0,3,
3/4/19,Ian Combs,FTL4,10:25,10:45,,800,PAST,0,0,0,0,0,1,0,0,0,0,0,1,1,
3/4/19,Ian Combs,FTL4,10:25,10:45,,800,CNAT,0,0,0,0,0,0,0,0,0,0,0,0,1,
3/4/19,Ian Combs,FTL4,10:25,10:45,,800,PSTR,0,0,0,0,0,0,0,0,1,0,0,1,1,
3/4/19,Ian Combs,FTL4,10:25,10:45,,800,SINT,0,0,0,0,0,0,0,0,0,0,0,0,3,
3/4/19,Ian Combs,BC1,11:42,12:02,,800,MCAV,0,0,0,0,0,3,0,0,0,0,0,3,100,
3/4/19,Ian Combs,BC1,11:42,12:02,,800,PAST,0,0,0,0,0,2,0,0,0,0,0,2,11,
3/4/19,Ian Combs,BC1,11:42,12:02,,800,SSID,0,0,0,0,0,0,0,0,0,0,0,0,6,
3/4/19,Ian Combs,BC1,11:42,12:02,,800,SBOU,0,0,0,0,0,0,0,0,0,0,0,0,8,
3/4/19,Ian Combs,BC1,11:42,12:02,,800,OFAV,0,0,0,0,0,0,0,0,0,0,0,0,4,
3/4/19,Ian Combs,BC1,11:42,12:02,,800,SINT,0,0,0,0,0,0,0,0,0,0,0,0,7,
3/4/19,Ian Combs,BC1,11:42,12:02,,800,SRAD,0,0,0,0,0,0,0,0,0,0,0,0,7,
3/4/19,Ian Combs,BC1,11:42,12:02,,800,DLAB,0,0,0,0,0,0,0,0,0,0,0,0,1,
3/4/19,Ian Combs,BC1,11:42,12:02,,800,DSTO,0,0,0,0,0,1,0,0,0,0,0,1,0,
3/4/19,Ian Combs,BC1,11:42,12:02,,800,MAUR,0,0,0,0,0,0,0,0,0,0,0,0,4,
3/4/19,Ian Combs,T328,12:52,13:12,,1000,MCAV,0,0,0,0,0,3,0,0,0,0,0,3,24,
3/4/19,Ian Combs,T328,12:52,13:12,,1000,PSTR,0,0,0,0,0,0,0,0,0,0,0,0,1,
3/4/19,Ian Combs,T328,12:52,13:12,,1000,PAST,0,0,0,0,0,2,0,0,0,0,0,2,5,
3/4/19,Ian Combs,T328,12:52,13:12,,1000,AAGA,0,0,0,0,0,2,0,0,0,0,0,2,3,
3/4/19,Ian Combs,T328,12:52,13:12,,1000,SRAD,0,0,0,0,0,0,0,0,0,0,0,0,3,
3/4/19,Ian Combs,T328,12:52,13:12,,1000,SINT,0,0,0,0,0,0,0,0,0,0,0,0,2,
3/4/19,Ian Combs,T328,12:52,13:12,,1000,OANN,0,0,0,0,0,4,0,0,0,0,0,4,2,
3/11/19,Ian Combs,SEFL05,11:44,12:04,,800,MCAV,0,0,0,0,0,1,0,0,0,0,0,1,9,
3/11/19,Ian Combs,SEFL05,11:44,12:04,,800,SINT,0,0,0,0,0,0,0,0,0,0,0,0,1,
3/11/19,Ian Combs,SEFL05,11:44,12:04,,800,AAGA,0,0,0,0,0,0,0,0,0,0,0,0,1,
3/11/19,Ian Combs,SEFL05,11:44,12:04,,800,AFRA,0,0,0,0,0,0,0,0,0,0,0,0,1,
3/11/19,Ian Combs,SEFL06,10:51,11:11,,1000,MCAV,0,0,0,0,0,4,0,0,0,0,0,4,63,
3/11/19,Ian Combs,SEFL06,10:51,11:11,,1000,AAGA,0,0,0,0,0,5,0,0,0,0,0,5,1,
3/11/19,Ian Combs,SEFL06,10:51,11:11,,1000,PSTR,0,0,0,0,0,0,0,0,0,0,0,0,1,
3/11/19,Ian Combs,SEFL06,10:51,11:11,,1000,PAST,0,0,0,0,0,0,0,0,0,0,0,0,5,
3/11/19,Ian Combs,SEFL06,10:51,11:11,,1000,SBOU,0,0,0,0,0,0,0,0,0,0,0,0,1,
3/11/19,Ian Combs,SEFL06,10:51,11:11,,1000,SINT,0,0,0,0,0,0,0,0,0,0,0,0,2,
3/11/19,Ian Combs,SEFL06,10:51,11:11,,1000,DSTO,0,0,0,0,0,0,0,0,0,0,0,0,1,
3/11/19,Ian Combs,SEFL06,10:51,11:11,,1000,CNAT,0,0,0,0,0,0,0,0,0,0,0,0,1,
3/11/19,Ian Combs,SEFL04,12:32,12:52,,1000,MCAV,0,0,0,0,0,0,0,0,0,0,0,0,28,
3/11/19,Ian Combs,SEFL04,12:32,12:52,,1000,MDEC,0,0,0,0,0,0,0,0,0,0,0,0,1,
3/11/19,Ian Combs,SEFL04,12:32,12:52,,1000,AAGA,0,0,0,0,0,3,0,0,0,0,0,3,5,
3/11/19,Ian Combs,SEFL04,12:32,12:52,,1000,SINT,0,0,0,0,0,0,0,0,0,0,0,0,4,
3/11/19,Ian Combs,SEFL04,12:32,12:52,,1000,PAST,0,0,0,0,0,0,0,0,0,0,0,0,12,
3/11/19,Ian Combs,SEFL04,12:32,12:52,,1000,MMEA,0,0,0,0,0,0,0,0,0,0,0,0,3,
3/11/19,Ian Combs,SEFL04,12:32,12:52,,1000,OFAV,0,0,0,0,0,0,0,0,0,0,0,0,1,
3/11/19,Ian Combs,SEFL04,12:32,12:52,,1000,SSID,0,0,0,0,0,0,0,0,0,0,0,0,1,
3/11/19,Ian Combs,SEFL04,12:32,12:52,,1000,DSTO,0,0,0,0,0,0,0,0,0,0,0,0,3,
3/11/19,Ian Combs,SEFL04,12:32,12:52,,1000,PSTR,0,0,0,0,0,0,0,0,0,0,0,0,2,
3/11/19,Ian Combs,SEFL04,12:32,12:52,,1000,CNAT,0,0,0,0,0,0,0,0,0,0,0,0,2,
3/11/19,Ian Combs,SEFL04,12:32,12:52,,1000,MALI,0,0,0,0,0,1,0,0,0,0,0,1,0,
3/12/19,Ian Combs,SEFL12,11:27,11:47,,800,MCAV,0,0,0,0,0,1,0,0,0,0,0,1,19,
3/12/19,Ian Combs,SEFL12,11:27,11:47,,800,PAST,0,0,0,0,0,0,0,0,0,0,0,0,4,
3/12/19,Ian Combs,SEFL12,11:27,11:47,,800,SBOU,0,0,0,0,0,0,0,0,0,0,0,0,2,
3/12/19,Ian Combs,SEFL12,11:27,11:47,,800,SINT,0,0,0,0,0,0,0,0,0,0,0,0,2,
3/12/19,Ian Combs,SEFL12,11:27,11:47,,800,MMEA,0,0,0,0,0,0,0,0,0,0,0,0,3,
3/12/19,Ian Combs,SEFL12,11:27,11:47,,800,PSTR,0,0,0,0,0,0,0,0,0,0,0,0,1,
3/12/19,Ian Combs,SEFL12,11:27,11:47,,800,SRAD,0,0,0,0,0,0,0,0,0,0,0,0,5,
3/12/19,Ian Combs,SEFL12,11:27,11:47,,800,PSTO,0,0,0,0,0,1,0,0,0,0,0,1,2,
3/12/19,Ian Combs,SEFL11,12:26,12:46,,800,MCAV,0,0,0,0,0,1,0,0,0,0,0,1,31,
3/12/19,Ian Combs,SEFL11,12:26,12:46,,800,MAUR,0,0,0,0,0,0,0,0,0,0,0,0,4,
3/12/19,Ian Combs,SEFL11,12:26,12:46,,800,SINT,0,0,0,0,0,0,0,0,0,0,0,0,3,
3/12/19,Ian Combs,SEFL11,12:26,12:46,,800,MMEA,0,0,0,0,0,0,0,0,0,0,0,0,1,
3/12/19,Ian Combs,SEFL11,12:26,12:46,,800,SRAD,0,0,0,0,0,0,0,0,0,0,0,0,1,
3/12/19,Ian Combs,SEFL11,12:26,12:46,,800,PAST,0,0,0,0,0,1,0,0,0,0,0,1,9,
3/12/19,Ian Combs,SEFL11,12:26,12:46,,800,PSTR,0,0,0,0,0,0,0,0,0,0,0,0,3,
3/12/19,Ian Combs,SEFL11,12:26,12:46,,800,MDEC,0,0,0,0,0,0,0,0,0,0,0,0,1,
4/25/19,Alexis Sturm,SLR Ledge,10:30,10:50,,800,MCAV,0,0,0,0,0,0,0,0,0,0,0,0,1,
4/25/19,Alexis Sturm,SLR Ledge,10:30,10:50,,800,SRAD,0,0,0,0,0,0,0,0,0,1,0,0,5,
4/25/19,Alexis Sturm,SLR Ledge,10:30,10:50,,800,SBOU,0,0,0,0,0,1,0,0,0,0,0,1,0,
4/25/19,Alexis Sturm,SLR North,11:23,11:43,,700,PCLI,0,0,0,0,0,3,0,0,0,0,0,3,4,
4/25/19,Alexis Sturm,SLR South,9:52,10:12,,600,SRAD,0,0,0,0,0,0,0,0,0,0,0,0,6,
4/25/19,Alexis Sturm,SLR South,9:52,10:12,,600,SBOU,0,0,0,0,0,0,0,0,0,0,0,0,1,Tag #350
5/7/19,Michael Studivan,FTL4,13:41,14:01,,1000,MCAV,0,0,0,0,0,6,0,0,0,0,0,6,76,
5/7/19,Michael Studivan,FTL4,13:41,14:01,,1000,SBOU,0,0,0,0,0,0,0,0,0,0,0,0,3,
5/7/19,Michael Studivan,FTL4,13:41,14:01,,1000,SSID,0,0,0,0,0,1,0,0,0,0,0,1,13,
5/7/19,Michael Studivan,FTL4,13:41,14:01,,1000,PAST,0,0,0,0,0,0,0,0,0,0,0,0,4,
5/7/19,Michael Studivan,FTL4,13:41,14:01,,1000,SINT,0,0,0,0,0,0,0,0,0,0,0,0,3,
5/7/19,Michael Studivan,FTL4,13:41,14:01,,1000,OFAV,0,0,0,0,0,0,0,0,0,0,0,0,1,
5/7/19,Michael Studivan,FTL4,13:41,14:01,,1000,ACER,0,0,0,0,0,0,0,0,0,0,0,0,20,
5/7/19,Michael Studivan,FTL4,13:41,14:01,,1000,POR spp.,0,0,0,0,0,0,0,0,0,0,0,0,1,
5/7/19,Michael Studivan,T328,11:56,12:16,,1000,MCAV,0,0,0,0,0,11,0,0,0,0,0,11,49,
5/7/19,Michael Studivan,T328,11:56,12:16,,1000,PAST,0,0,0,0,0,0,0,0,0,0,0,0,8,
5/7/19,Michael Studivan,T328,11:56,12:16,,1000,SSID,0,0,0,0,0,0,0,0,0,0,0,0,12,
5/7/19,Michael Studivan,T328,11:56,12:16,,1000,SINT,0,0,0,0,0,0,0,0,0,0,0,0,6,
5/7/19,Michael Studivan,T328,11:56,12:16,,1000,SBOU,0,0,0,0,0,0,0,0,0,0,0,0,1,
5/7/19,Michael Studivan,T328,11:56,12:16,,1000,OFAV,0,0,0,0,0,0,0,0,0,0,0,0,2,
5/7/19,Michael Studivan,T328,11:56,12:16,,1000,PSTR,0,0,0,0,0,0,0,0,0,0,0,0,3,
5/7/19,Michael Studivan,T328,11:56,12:16,,1000,AAGA,0,0,0,0,0,0,0,0,0,0,0,0,2,
5/7/19,Michael Studivan,T328,11:56,12:16,,1000,PCLI,0,0,0,0,0,0,0,0,0,0,0,0,1,
5/7/19,Michael Studivan,T328,11:56,12:16,,1000,DSTO,0,0,0,0,0,0,0,0,0,0,0,0,1,
5/14/19,Ryan Eckert,SEFL11,10:33,10:53,,1000,MCAV,0,0,0,0,0,0,0,0,0,0,0,0,38,
5/14/19,Ryan Eckert,SEFL11,10:33,10:53,,1000,PAST,0,0,0,0,0,0,0,0,0,0,0,0,17,
5/14/19,Ryan Eckert,SEFL11,10:33,10:53,,1000,MAUR,0,0,0,0,0,0,0,0,0,0,0,0,4,
5/14/19,Ryan Eckert,SEFL11,10:33,10:53,,1000,MALI,0,0,0,0,0,0,0,0,0,0,0,0,1,
5/14/19,Ryan Eckert,SEFL11,10:33,10:53,,1000,MDEC,0,0,0,0,0,0,0,0,0,0,0,0,4,
5/14/19,Ryan Eckert,SEFL11,10:33,10:53,,1000,SSID,0,0,0,0,0,0,0,0,0,0,0,0,2,
5/14/19,Ryan Eckert,SEFL11,10:33,10:53,,1000,SINT,0,0,0,0,0,0,0,0,0,0,0,0,1,
5/14/19,Ryan Eckert,SEFL11,10:33,10:53,,1000,OFAV,0,0,0,0,0,0,0,0,0,0,0,0,1,
5/14/19,Ryan Eckert,SEFL12,9:50,10:10,,1200,PAST,0,0,0,0,0,0,0,0,0,0,0,0,3,
5/14/19,Ryan Eckert,SEFL12,9:50,10:10,,1200,MCAV,0,0,0,0,0,0,0,0,0,0,0,0,18,
5/14/19,Ryan Eckert,SEFL12,9:50,10:10,,1200,SINT,0,0,0,0,0,0,0,0,0,0,0,0,1,
5/14/19,Ryan Eckert,SEFL12,9:50,10:10,,1200,MMEA,0,0,0,0,0,0,0,0,0,0,0,0,1,
5/14/19,Ryan Eckert,SEFL12,9:50,10:10,,1200,PSTR,0,0,0,0,0,0,0,0,0,0,0,0,1,
5/14/19,Ryan Eckert,SEFL08,11:30,11:50,,1200,MCAV,0,0,0,0,0,0,0,0,0,0,0,0,42,
5/14/19,Ryan Eckert,SEFL08,11:30,11:50,,1200,PAST,0,0,0,0,0,0,0,0,0,0,0,0,19,
5/14/19,Ryan Eckert,SEFL08,11:30,11:50,,1200,SSID,0,0,0,0,0,0,0,0,0,0,0,0,1,
5/14/19,Ryan Eckert,SEFL08,11:30,11:50,,1200,DSTO,0,0,0,0,0,0,0,0,0,0,0,0,1,
5/15/19,Michael Studivan,SEFL04,11:26,11:46,,1500,MCAV,0,0,0,0,0,0,0,0,0,0,0,0,98,
5/15/19,Michael Studivan,SEFL04,11:26,11:46,,1500,PAST,0,0,0,0,0,0,0,0,0,0,0,0,18,
5/15/19,Michael Studivan,SEFL04,11:26,11:46,,1500,SINT,0,0,0,0,0,0,0,0,0,0,0,0,3,
5/15/19,Michael Studivan,SEFL04,11:26,11:46,,1500,OFAV,0,0,0,0,0,0,0,0,0,0,0,0,1,
5/15/19,Michael Studivan,SEFL04,11:26,11:46,,1500,AAGA,0,0,0,0,0,0,0,0,0,0,0,0,16,
5/15/19,Michael Studivan,SEFL04,11:26,11:46,,1500,HCUC,0,0,0,0,0,0,0,0,0,0,0,0,1,
5/15/19,Michael Studivan,SEFL04,11:26,11:46,,1500,SSID,0,0,0,0,0,0,0,0,0,0,0,0,2,
5/15/19,Michael Studivan,SEFL04,11:26,11:46,,1500,MDEC,0,0,0,0,0,0,0,0,0,0,0,0,2,
5/15/19,Michael Studivan,SEFL04,11:26,11:46,,1500,PSTR,0,0,0,0,0,0,0,0,0,0,0,0,1,
5/15/19,Michael Studivan,SEFL04,11:26,11:46,,1500,DSTO,0,0,0,0,0,0,0,0,0,0,0,0,1,
5/15/19,Michael Studivan,SEFL06,9:41,10:01,,1500,MCAV,0,0,0,0,0,0,0,0,0,0,0,0,141,
5/15/19,Michael Studivan,SEFL06,9:41,10:01,,1500,SINT,0,0,0,0,0,0,0,0,0,0,0,0,1,
5/15/19,Michael Studivan,SEFL06,9:41,10:01,,1500,SSID,0,0,0,0,0,1,0,0,0,0,0,1,2,"Disease was questionable, no photo taken"
5/15/19,Michael Studivan,SEFL06,9:41,10:01,,1500,PAST,0,0,0,0,0,0,0,0,0,0,0,0,27,
5/15/19,Michael Studivan,SEFL06,9:41,10:01,,1500,AAGA,0,0,0,0,0,0,0,0,0,0,0,0,10,
5/15/19,Michael Studivan,SEFL06,9:41,10:01,,1500,ALAM,0,0,0,0,0,0,0,0,0,0,0,0,1,
5/15/19,Michael Studivan,SEFL05,10:40,11:00,,2000,MCAV,0,0,0,0,0,0,0,0,0,0,0,0,14,
5/15/19,Michael Studivan,SEFL05,10:40,11:00,,2000,ODIF,0,0,0,0,0,0,0,0,0,0,0,0,1,
5/15/19,Michael Studivan,SEFL05,10:40,11:00,,2000,SINT,0,0,0,0,0,0,0,0,0,0,0,0,1,
6/4/19,Ian Combs,SLR Central,9:18,9:38,,1000,PAST,0,0,0,0,0,0,0,0,0,0,0,0,56,
6/4/19,Ian Combs,SLR Central,9:18,9:38,,1000,ISIN,0,0,0,0,0,0,0,0,0,0,0,0,1,
6/4/19,Ian Combs,SLR Central,9:18,9:38,,1000,PCLI,0,0,0,0,0,1,0,0,0,0,0,1,4,
6/4/19,Ian Combs,SLR North,8:40,9:00,,500,PCLI,0,0,0,0,0,2,0,0,0,0,0,2,1,
6/4/19,Ian Combs,SLR North,8:40,9:00,,500,SSID,0,0,0,0,0,0,0,0,0,0,0,0,2,
6/4/19,Ian Combs,SLR Ledge,10:01,10:21,,1000,MCAV,0,0,0,0,0,0,0,0,0,0,0,0,3,
6/4/19,Ian Combs,SLR Ledge,10:01,10:21,,1000,PAST,0,0,0,0,0,0,0,0,0,0,0,0,3,
6/4/19,Ian Combs,SLR Ledge,10:01,10:21,,1000,PCLI,0,0,0,0,0,0,0,0,0,0,0,0,1,
6/4/19,Ian Combs,SLR Ledge,10:01,10:21,,1000,SRAD,0,0,0,0,0,0,0,0,0,0,0,0,2,
6/4/19,Ian Combs,SLR South,10:35,10:55,,1000,SBOU,0,0,0,0,0,0,0,0,0,0,0,0,1,
6/4/19,Ian Combs,SLR South,10:35,10:55,,1000,SSID,0,0,0,0,0,0,0,0,0,0,0,0,1,
6/12/19,Ian Combs,SEFL08,12:40,13:00,,1000,MCAV,0,0,0,0,0,0,0,0,0,0,0,0,66,
6/12/19,Ian Combs,SEFL08,12:40,13:00,,1000,PAST,0,0,0,0,0,0,0,0,0,0,0,0,40,
6/12/19,Ian Combs,SEFL08,12:40,13:00,,1000,SRAD,0,0,0,0,0,0,0,0,0,0,0,0,1,
6/12/19,Ian Combs,SEFL08,12:40,13:00,,1000,MALI,0,0,0,0,0,0,0,0,0,0,0,0,1,
6/12/19,Ian Combs,SEFL08,12:40,13:00,,1000,MDEC,0,0,0,0,0,0,0,0,0,0,0,0,1,
6/12/19,Ian Combs,SEFL08,12:40,13:00,,1000,AAGA,0,0,0,0,0,0,0,0,0,0,0,0,1,
6/12/19,Ian Combs,SEFL12,10:52,11:12,,1200,MCAV,0,0,0,0,0,0,0,0,0,0,0,0,17,
6/12/19,Ian Combs,SEFL12,10:52,11:12,,1200,PAST,0,0,0,0,0,0,0,0,0,0,0,0,13,
6/12/19,Ian Combs,SEFL12,10:52,11:12,,1200,SINT,0,0,0,0,0,0,0,0,0,0,0,0,10,
6/12/19,Ian Combs,SEFL12,10:52,11:12,,1200,DSTO,0,0,0,0,0,1,0,0,0,0,0,1,4,
6/12/19,Ian Combs,SEFL12,10:52,11:12,,1200,SRAD,0,0,0,0,0,0,0,0,0,0,0,0,3,
6/12/19,Ian Combs,SEFL12,10:52,11:12,,1200,MALI,0,0,0,0,0,0,0,0,0,0,0,0,1,
6/12/19,Ian Combs,SEFL12,10:52,11:12,,1200,PLAB,0,0,0,0,0,0,0,0,0,0,0,0,1,
6/12/19,Ian Combs,SEFL12,10:52,11:12,,1200,MMEA,0,0,0,0,0,0,0,0,0,0,0,0,4,
6/12/19,Ian Combs,SEFL11,11:42,12:02,,1000,MCAV,0,0,0,0,0,1,0,0,0,0,0,1,39,
6/12/19,Ian Combs,SEFL11,11:42,12:02,,1000,AAGA,0,0,0,0,0,0,0,0,0,0,0,0,1,
6/12/19,Ian Combs,SEFL11,11:42,12:02,,1000,SRAD,0,0,0,0,0,0,0,0,0,0,0,0,4,
6/12/19,Ian Combs,SEFL11,11:42,12:02,,1000,PAST,0,0,0,0,0,0,0,0,0,0,0,0,28,
6/12/19,Ian Combs,SEFL11,11:42,12:02,,1000,MMEA,0,0,0,0,0,0,0,0,0,0,0,0,1,
6/12/19,Ian Combs,SEFL11,11:42,12:02,,1000,DSTO,0,0,0,0,0,0,0,0,0,0,0,0,1,
6/12/19,Ian Combs,SEFL11,11:42,12:02,,1000,MDEC,0,0,0,0,0,0,0,0,0,0,0,0,2,
6/21/19,Ryan Eckert,T328,13:53,14:13,,1000,MCAV,0,0,0,0,0,13,0,0,0,0,0,13,46,
6/21/19,Ryan Eckert,T328,13:53,14:13,,1000,PAST,0,0,0,0,0,0,0,0,0,0,0,0,1,
6/21/19,Ryan Eckert,T328,13:53,14:13,,1000,SBOU,0,0,0,0,0,0,0,0,0,0,0,0,1,
6/21/19,Ryan Eckert,T328,13:53,14:13,,1000,SSID,0,0,0,0,0,0,0,0,0,0,0,0,3,
6/21/19,Ryan Eckert,T328,13:53,14:13,,1000,OFAV,0,0,0,0,0,0,0,0,0,0,0,0,3,
6/21/19,Ryan Eckert,T328,13:53,14:13,,1000,SINT,0,0,0,0,0,0,0,0,0,0,0,0,1,
6/21/19,Ryan Eckert,FTL4,11:02,11:22,,1300,SSID,0,0,0,0,0,0,0,0,0,0,0,0,8,
6/21/19,Ryan Eckert,FTL4,11:02,11:22,,1300,SINT,0,0,0,0,0,0,0,0,0,0,0,0,3,
6/21/19,Ryan Eckert,FTL4,11:02,11:22,,1300,MCAV,0,0,0,0,0,3,0,0,0,0,0,3,89,
6/21/19,Ryan Eckert,FTL4,11:02,11:22,,1300,SBOU,0,0,0,0,0,1,0,0,0,0,0,1,3,
6/21/19,Ryan Eckert,FTL4,11:02,11:22,,1300,OFAV,0,0,0,0,0,1,0,0,0,0,0,1,0,
6/21/19,Ryan Eckert,FTL4,11:02,11:22,,1300,PCLI,0,0,0,0,0,0,0,0,0,0,0,0,1,
6/21/19,Ryan Eckert,FTL4,11:02,11:22,,1300,ACER,0,0,0,0,0,0,0,0,0,0,0,0,7,
6/21/19,Ryan Eckert,FTL4,11:02,11:22,,1300,PAST,0,0,0,0,0,0,0,0,0,0,0,0,2,
6/21/19,Ryan Eckert,BC1,9:55,10:15,,1500,MCAV,0,0,0,0,0,15,0,0,0,0,0,15,233,
6/21/19,Ryan Eckert,BC1,9:55,10:15,,1500,SBOU,0,0,0,0,0,1,0,0,0,0,0,1,11,
6/21/19,Ryan Eckert,BC1,9:55,10:15,,1500,PAST,0,0,0,0,0,0,0,0,0,0,0,0,23,
6/21/19,Ryan Eckert,BC1,9:55,10:15,,1500,SSID,0,0,0,0,0,0,0,0,0,0,0,0,15,
6/21/19,Ryan Eckert,BC1,9:55,10:15,,1500,OFAV,0,0,0,0,0,0,0,0,0,0,0,0,3,
6/21/19,Ryan Eckert,BC1,9:55,10:15,,1500,SINT,0,0,0,0,0,0,0,0,0,0,0,0,3,
6/21/19,Ryan Eckert,BC1,9:55,10:15,,1500,ACER,0,0,0,0,0,0,0,0,0,0,0,0,2,
6/21/19,Ryan Eckert,BC1,9:55,10:15,,1500,OANN,0,0,0,0,0,0,0,0,0,0,0,0,1,
7/3/19,Jeff Beal,SEFL04,12:43,13:03,,1400,MCAV,0,0,0,0,0,0,0,0,0,0,0,0,22,
7/3/19,Jeff Beal,SEFL04,12:43,13:03,,1400,AAGA,0,0,0,0,0,0,0,0,0,1,0,1,8,
7/3/19,Jeff Beal,SEFL04,12:43,13:03,,1400,PAST,0,0,0,0,0,0,0,0,0,0,0,0,8,
7/3/19,Jeff Beal,SEFL04,12:43,13:03,,1400,SINT,0,0,0,0,0,0,0,0,0,0,0,0,3,
7/3/19,Jeff Beal,SEFL04,12:43,13:03,,1400,SRAD,0,0,0,0,0,0,0,0,0,0,0,0,1,
7/3/19,Jeff Beal,SEFL04,12:43,13:03,,1400,OANN,0,0,0,0,0,0,0,0,0,0,0,0,2,
7/3/19,Jeff Beal,SEFL04,12:43,13:03,,1400,SSID,0,0,0,0,0,0,0,0,0,0,0,0,4,
7/3/19,Jeff Beal,SEFL04,12:43,13:03,,1400,MDEC,0,0,0,0,0,0,0,0,0,0,0,0,1,
7/3/19,Jeff Beal,SEFL04,12:43,13:03,,1400,MANG,0,0,0,0,0,0,0,0,0,0,0,0,1,
7/3/19,Jeff Beal,SEFL05,11:27,11:47,,1400,MCAV,0,0,0,0,0,0,0,0,0,0,0,0,28,
7/3/19,Jeff Beal,SEFL05,11:27,11:47,,1400,AAGA,0,0,0,0,0,0,0,0,0,0,0,0,1,
7/3/19,Jeff Beal,SEFL05,11:27,11:47,,1400,SINT,0,0,0,0,0,0,0,0,0,0,0,0,2,
7/3/19,Jeff Beal,SEFL06,10:15,10:35,,1400,MCAV,0,0,0,0,0,0,0,0,0,0,0,0,78,
7/3/19,Jeff Beal,SEFL06,10:15,10:35,,1400,PAST,0,0,0,0,0,0,0,0,0,0,0,0,9,
7/3/19,Jeff Beal,SEFL06,10:15,10:35,,1400,AAGA,0,0,0,0,0,0,0,0,0,0,0,0,6,
7/3/19,Jeff Beal,SEFL06,10:15,10:35,,1400,MMEA,0,0,0,0,0,0,0,0,0,0,0,0,1,
7/3/19,Jeff Beal,SEFL06,10:15,10:35,,1400,SINT,0,0,0,0,0,0,0,0,0,0,0,0,4,
7/3/19,Jeff Beal,SEFL06,10:15,10:35,,1400,SBOU,0,0,0,0,0,0,0,0,0,0,0,0,2,
7/3/19,Jeff Beal,SEFL06,10:15,10:35,,1400,EFAS,0,0,0,0,0,0,0,0,0,0,0,0,1,
7/3/19,Jeff Beal,SEFL06,10:15,10:35,,1400,SSID,0,0,0,0,0,0,0,0,0,0,0,0,1,
7/19/19,Erin Shilling,SLR South,12:11,12:31,,800,PCLI,0,0,0,0,0,1,0,0,0,0,0,1,3,
7/19/19,Erin Shilling,SLR South,12:11,12:31,,800,SSID,0,0,0,0,0,0,0,0,0,1,0,1,1,
7/19/19,Erin Shilling,SLR South,12:11,12:31,,800,SBOU,0,0,0,0,0,0,0,0,0,0,0,0,1,
7/19/19,Erin Shilling,SLR Ledge,11:30,11:50,,1000,SSID,0,0,0,0,0,0,0,0,0,0,0,0,2,
7/19/19,Erin Shilling,SLR Ledge,11:30,11:50,,1000,PAST,0,0,0,0,0,0,0,0,0,0,0,0,7,
7/19/19,Erin Shilling,SLR North,10:44,11:04,,800,PCLI,0,0,0,0,0,1,0,0,0,0,0,1,2,
7/19/19,Erin Shilling,SLR North,10:44,11:04,,800,SSID,0,0,0,0,0,0,0,0,0,0,0,0,1,
7/19/19,Erin Shilling,SLR Central,12:53,13:13,,1200,PAST,1,0,0,0,0,1,0,0,0,0,0,1,400,
7/19/19,Erin Shilling,SLR Central,12:53,13:13,,1200,MCAV,0,0,0,0,0,1,0,0,0,0,0,1,1,
7/19/19,Erin Shilling,SLR Central,12:53,13:13,,1200,SSID,0,0,0,0,0,0,0,0,0,0,0,0,4,
7/19/19,Erin Shilling,SLR Central,12:53,13:13,,1200,ISIN,0,0,0,0,0,0,0,0,0,0,0,0,1,
7/26/19,Jeff Beal,FTL4,11:50,12:10,,1000,MCAV,0,0,0,0,0,3,0,0,0,0,0,3,46,
7/26/19,Jeff Beal,FTL4,11:50,12:10,,1000,SSID,0,0,0,0,0,0,0,0,0,0,0,0,7,
7/26/19,Jeff Beal,FTL4,11:50,12:10,,1000,PSTR,0,0,0,0,0,0,0,0,0,0,0,0,1,
7/26/19,Jeff Beal,FTL4,11:50,12:10,,1000,SBOU,0,0,0,0,0,1,0,0,0,0,0,1,3,
7/26/19,Jeff Beal,FTL4,11:50,12:10,,1000,SINT,0,0,0,0,0,0,0,0,0,0,0,0,2,
7/26/19,Jeff Beal,FTL4,11:50,12:10,,1000,PAST,0,0,0,0,0,0,0,0,0,0,0,0,7,
7/26/19,Jeff Beal,FTL4,11:50,12:10,,1000,SRAD,0,0,0,0,0,0,0,0,0,0,0,0,1,
7/26/19,Jeff Beal,FTL4,11:50,12:10,,1000,OANN,0,0,0,0,0,0,0,0,0,0,0,0,1,
7/26/19,Jeff Beal,FTL4,11:50,12:10,,1000,DSTO,0,0,0,0,0,0,0,0,0,0,0,0,1,
7/26/19,Jeff Beal,FTL4,11:50,12:10,,1000,PPOR,0,0,0,0,0,0,0,0,0,0,0,0,1,"Unsure, pretty sure early Porites porites?"
7/26/19,Michael Studivan,T328,13:48,14:08,,1000,MCAV,0,0,0,0,0,6,0,0,0,0,0,6,65,
7/26/19,Michael Studivan,T328,13:48,14:08,,1000,PAST,0,0,0,0,0,0,0,0,0,0,0,0,18,
7/26/19,Michael Studivan,T328,13:48,14:08,,1000,PSTR,0,0,0,0,0,0,0,0,1,0,0,1,2,
7/26/19,Michael Studivan,T328,13:48,14:08,,1000,SBOU,0,0,0,0,0,0,0,0,0,0,0,0,1,
7/26/19,Michael Studivan,T328,13:48,14:08,,1000,SSID,0,0,0,0,0,0,0,0,0,0,0,0,5,
7/26/19,Michael Studivan,T328,13:48,14:08,,1000,SINT,0,0,0,0,0,0,0,0,0,0,0,0,5,
7/26/19,Michael Studivan,T328,13:48,14:08,,1000,AAGA,0,0,0,0,0,0,0,0,0,0,0,0,7,
7/26/19,Michael Studivan,T328,13:48,14:08,,1000,OFAV,0,0,0,0,0,0,0,0,0,0,0,1,2,
7/26/19,Michael Studivan,T328,13:48,14:08,,1000,DSTO,0,0,0,0,0,0,0,0,0,0,0,1,0,
7/26/19,Michael Studivan,BC1,9:59,10:19,,1000,MCAV,0,0,0,0,0,5,0,0,0,0,0,5,174,
7/26/19,Michael Studivan,BC1,9:59,10:19,,1000,SINT,0,0,0,0,0,0,0,0,0,0,0,0,2,
7/26/19,Michael Studivan,BC1,9:59,10:19,,1000,OFAV,0,0,0,0,0,0,0,0,0,0,0,0,12,
7/26/19,Michael Studivan,BC1,9:59,10:19,,1000,SSID,0,0,0,0,0,0,0,0,0,0,0,0,19,
7/26/19,Michael Studivan,BC1,9:59,10:19,,1000,PAST,0,0,0,0,0,0,0,0,0,0,0,0,6,
7/26/19,Michael Studivan,BC1,9:59,10:19,,1000,SBOU,0,0,0,0,0,0,0,0,0,0,0,0,7,
7/26/19,Michael Studivan,BC1,9:59,10:19,,1000,MAUR,0,0,0,0,0,0,0,0,0,0,0,0,14,
7/26/19,Michael Studivan,BC1,9:59,10:19,,1000,CNAT,0,0,0,0,0,0,0,0,0,0,0,0,1,
7/26/19,Michael Studivan,BC1,9:59,10:19,,1000,MDEC,0,0,0,0,0,0,0,0,0,0,0,0,1,
7/26/19,Michael Studivan,BC1,9:59,10:19,,1000,ACER,0,0,0,0,0,0,0,0,0,0,0,0,57,
8/5/19,Erin Shilling,SEFL05,10:35,10:55,,1000,MCAV,0,0,0,0,0,0,0,0,0,0,0,0,13,
8/5/19,Erin Shilling,SEFL05,10:35,10:55,,1000,ODIF,0,0,0,0,0,0,0,0,0,0,0,0,1,
8/5/19,Erin Shilling,SEFL05,10:35,10:55,,1000,AAGA,0,0,0,0,0,0,0,0,0,0,0,0,1,
8/5/19,Erin Shilling,SEFL04,9:39,9:59,,800,MCAV,0,0,0,0,0,0,0,0,0,0,0,0,40,
8/5/19,Erin Shilling,SEFL04,9:39,9:59,,800,AAGA,0,0,0,0,0,0,0,0,0,0,0,0,14,
8/5/19,Erin Shilling,SEFL04,9:39,9:59,,800,PSTR,0,0,0,0,0,0,0,0,0,0,0,0,1,
8/5/19,Erin Shilling,SEFL04,9:39,9:59,,800,SBOU,0,0,0,0,0,0,0,0,0,0,0,0,1,
8/5/19,Erin Shilling,SEFL04,9:39,9:59,,800,OFAV,0,0,0,0,0,0,0,0,0,0,0,0,1,
8/5/19,Erin Shilling,SEFL04,9:39,9:59,,800,SINT,0,0,0,0,0,0,0,0,0,0,0,0,1,
8/5/19,Erin Shilling,SEFL04,9:39,9:59,,800,CNAT,0,0,0,0,0,0,0,0,0,0,0,0,1,
8/5/19,Erin Shilling,SEFL06,11:30,11:50,,1200,MCAV,1,0,0,0,0,0,0,0,0,0,0,1,105,"One partially dead Mcav, potential algal abrasion? Took photo @ 11:38"
8/5/19,Erin Shilling,SEFL06,11:30,11:50,,1200,AAGA,0,0,0,0,0,0,0,0,0,0,0,0,11,
8/5/19,Erin Shilling,SEFL06,11:30,11:50,,1200,SSID,0,0,0,0,0,0,0,0,0,0,0,0,3,
8/5/19,Erin Shilling,SEFL06,11:30,11:50,,1200,SINT,0,0,0,0,0,0,0,0,0,0,0,0,2,
8/5/19,Erin Shilling,SEFL06,11:30,11:50,,1200,PAST,0,0,0,0,0,0,0,0,0,0,0,0,5,
8/5/19,Erin Shilling,SEFL06,11:30,11:50,,1200,SBOU,0,0,0,0,0,0,0,0,0,0,0,0,1,
10/10/19,Erin Shilling,FTL4,11:59,12:19,,800,ACER,0,0,0,0,0,0,0,0,0,0,0,0,22,
10/10/19,Erin Shilling,FTL4,11:59,12:19,,800,MDEC,0,0,0,0,0,0,0,0,0,0,0,0,2,
10/10/19,Erin Shilling,FTL4,11:59,12:19,,800,MCAV,0,0,0,0,0,6,0,0,0,0,0,6,90,
10/10/19,Erin Shilling,FTL4,11:59,12:19,,800,SINT,0,0,0,0,0,0,0,0,0,0,0,0,3,
10/10/19,Erin Shilling,FTL4,11:59,12:19,,800,SSID,0,0,0,0,0,0,0,0,0,0,0,0,6,
10/10/19,Erin Shilling,FTL4,11:59,12:19,,800,PAST,0,0,0,0,0,0,0,0,0,0,0,0,1,
10/10/19,Erin Shilling,FTL4,11:59,12:19,,800,DSTO,0,0,0,0,0,0,0,0,0,1,0,1,0,
10/10/19,Erin Shilling,FTL4,11:59,12:19,,800,SBOU,0,0,0,0,0,0,0,0,0,0,0,0,1,
10/10/19,Erin Shilling,FTL4,11:59,12:19,,800,OFAV,0,0,0,0,0,0,0,0,0,0,0,0,1,
10/10/19,Erin Shilling,FTL4,11:59,12:19,,800,PSTR,0,0,0,0,0,0,0,0,0,0,0,0,1,
10/10/19,Erin Shilling,BC1,10:02,10:22,,1000,MCAV,0,0,0,0,0,8,0,0,0,0,0,8,86,
10/10/19,Erin Shilling,BC1,10:02,10:22,,1000,SBOU,1,0,0,0,0,0,0,0,0,0,0,1,3,
10/10/19,Erin Shilling,BC1,10:02,10:22,,1000,PAST,0,0,0,0,0,0,0,0,0,0,0,0,10,
10/10/19,Erin Shilling,BC1,10:02,10:22,,1000,OANN,0,0,0,0,0,1,0,0,0,0,0,1,0,
10/10/19,Erin Shilling,BC1,10:02,10:22,,1000,SSID,0,5,0,0,0,0,0,0,0,1,0,6,17,
10/10/19,Erin Shilling,BC1,10:02,10:22,,1000,OFAV,0,0,0,0,0,0,0,0,0,0,0,0,4,
10/10/19,Erin Shilling,BC1,10:02,10:22,,1000,ACER,3,0,0,0,0,0,0,0,0,0,0,3,0,
10/10/19,Erin Shilling,BC1,10:02,10:22,,1000,SRAD,0,1,0,0,0,0,0,0,0,0,0,1,2,
10/10/19,Erin Shilling,BC1,10:02,10:22,,1000,AAGA,0,0,0,0,0,0,0,0,0,0,0,0,1,
10/10/19,Erin Shilling,BC1,10:02,10:22,,1000,OFAV,0,0,0,0,0,0,0,0,0,0,0,0,1,
10/10/19,Erin Shilling,BC1,10:02,10:22,,1000,PCLI,0,0,0,0,0,0,0,0,0,0,0,0,2,
10/10/19,Erin Shilling,T328,9:27,9:47,,800,MCAV,0,0,0,0,0,3,0,0,0,0,0,3,35,
10/10/19,Erin Shilling,T328,9:27,9:47,,800,SINT,0,0,0,0,0,0,0,0,0,0,0,0,4,
10/10/19,Erin Shilling,T328,9:27,9:47,,800,PAST,0,0,0,0,0,0,0,0,0,0,0,0,8,
10/10/19,Erin Shilling,T328,9:27,9:47,,800,PCLI,0,0,0,0,0,0,0,0,0,0,0,0,3,
10/10/19,Erin Shilling,T328,9:27,9:47,,800,AAGA,0,0,0,0,0,0,0,0,0,4,0,4,3,
10/10/19,Erin Shilling,T328,9:27,9:47,,800,OFRA,0,0,0,0,0,1,0,0,0,0,0,1,0,
10/10/19,Erin Shilling,T328,9:27,9:47,,800,PSTR,0,0,0,0,0,0,0,0,0,0,0,0,2,
10/22/19,Erin Shilling,SEFL12,9:58,10:18,,1000,MCAV,0,0,0,0,0,0,0,0,0,0,0,0,34,
10/22/19,Erin Shilling,SEFL12,9:58,10:18,,1000,SSID,0,0,0,0,0,0,0,0,0,0,0,0,5,
10/22/19,Erin Shilling,SEFL12,9:58,10:18,,1000,PAST,0,0,0,0,0,0,0,0,0,0,0,0,22,
10/22/19,Erin Shilling,SEFL12,9:58,10:18,,1000,SINT,1,0,0,0,0,0,0,0,0,0,0,1,5,Sedimentation stress?
10/22/19,Erin Shilling,SEFL12,9:58,10:18,,1000,PSTR,0,0,0,0,0,0,0,0,0,0,0,0,3,
10/22/19,Erin Shilling,SEFL12,9:58,10:18,,1000,MALI,0,0,0,0,0,0,0,0,0,0,0,0,1,
10/22/19,Erin Shilling,SEFL12,9:58,10:18,,1000,MMEA,0,0,0,0,0,0,0,0,0,0,0,0,2,
10/22/19,Erin Shilling,SEFL11,10:39,10:59,,1000,MCAV,0,0,0,0,0,1,0,0,0,0,0,1,42,
10/22/19,Erin Shilling,SEFL11,10:39,10:59,,1000,PAST,0,0,0,0,0,0,0,0,0,0,0,0,26,
10/22/19,Erin Shilling,SEFL11,10:39,10:59,,1000,SSID,0,0,0,0,0,0,0,0,0,0,0,0,4,
10/22/19,Erin Shilling,SEFL11,10:39,10:59,,1000,AAGA,0,0,0,0,0,0,0,0,0,0,0,0,3,
10/22/19,Erin Shilling,SEFL11,10:39,10:59,,1000,MDEC,0,0,0,0,0,0,0,0,0,0,0,0,4,
10/22/19,Erin Shilling,SEFL11,10:39,10:59,,1000,MLAM,0,0,0,0,0,0,0,0,0,0,0,0,1,
10/22/19,Erin Shilling,SEFL11,10:39,10:59,,1000,PCLI,0,0,0,0,0,0,0,0,0,0,0,0,1,
10/22/19,Erin Shilling,SEFL11,10:39,10:59,,1000,OFAV,0,0,0,0,0,0,0,0,0,0,0,0,1,
10/22/19,Erin Shilling,SEFL11,10:39,10:59,,1000,MALI,0,0,0,0,0,0,0,0,0,0,0,0,1,
10/22/19,Erin Shilling,SEFL08,11:29,11:49,,1000,PAST,0,0,0,0,0,0,0,0,0,0,0,0,25,
10/22/19,Erin Shilling,SEFL08,11:29,11:49,,1000,MCAV,0,0,0,0,0,0,0,0,0,0,0,0,51,
10/22/19,Erin Shilling,SEFL08,11:29,11:49,,1000,MDEC,0,0,0,0,0,0,0,0,0,0,0,0,7,
10/22/19,Erin Shilling,SEFL08,11:29,11:49,,1000,SSID,0,0,0,0,0,0,0,0,0,0,0,0,2,
10/22/19,Erin Shilling,SEFL08,11:29,11:49,,1000,AAGA,0,0,0,0,0,0,0,0,0,0,0,0,1,
10/22/19,Erin Shilling,SEFL06,12:43,13:03,,1000,MCAV,0,0,0,0,0,1,0,0,0,2,0,3,107,
10/22/19,Erin Shilling,SEFL06,12:43,13:03,,1000,AAGA,0,0,0,0,0,0,0,0,0,1,0,1,8,
10/22/19,Erin Shilling,SEFL06,12:43,13:03,,1000,PAST,0,0,0,0,0,0,0,0,0,3,0,3,26,
10/22/19,Erin Shilling,SEFL06,12:43,13:03,,1000,SBOU,0,0,0,0,0,0,0,0,0,0,0,0,1,
10/22/19,Erin Shilling,SEFL06,12:43,13:03,,1000,SINT,0,0,0,0,0,0,0,0,0,1,0,1,2,
10/22/19,Erin Shilling,SEFL06,12:43,13:03,,1000,MALI,0,0,0,0,0,0,0,0,0,0,0,0,1,
10/22/19,Erin Shilling,SEFL05,13:28,13:48,,1200,MCAV,0,0,0,0,0,0,0,0,0,0,0,0,31,
10/22/19,Erin Shilling,SEFL05,13:28,13:48,,1200,SINT,0,0,0,0,0,0,0,0,0,0,0,0,2,
10/22/19,Erin Shilling,SEFL05,13:28,13:48,,1200,ODIF,0,0,0,0,0,0,0,0,0,0,0,0,1,
10/22/19,Erin Shilling,SEFL05,13:28,13:48,,1200,AAGA,0,0,0,0,0,0,0,0,0,0,0,0,7,
10/22/19,Erin Shilling,SEFL05,13:28,13:48,,1200,MMEA,0,0,0,0,0,0,0,0,0,0,0,0,2,
10/22/19,Erin Shilling,SEFL05,13:28,13:48,,1200,MDEC,0,0,0,0,0,0,0,0,0,0,0,0,2,
10/22/19,Erin Shilling,SEFL05,13:28,13:48,,1200,PAST,0,0,0,0,0,0,0,0,0,0,0,0,3,
10/22/19,Erin Shilling,SEFL04,14:09,14:29,,1000,MCAV,0,0,0,0,0,2,0,0,0,1,1,4,79,
10/22/19,Erin Shilling,SEFL04,14:09,14:29,,1000,PAST,0,0,0,0,0,0,0,0,1,0,0,1,33,
10/22/19,Erin Shilling,SEFL04,14:09,14:29,,1000,SINT,0,0,0,0,0,0,0,0,0,3,0,3,4,
10/22/19,Erin Shilling,SEFL04,14:09,14:29,,1000,AAGA,0,0,0,0,0,0,0,0,0,0,0,0,45,
10/22/19,Erin Shilling,SEFL04,14:09,14:29,,1000,OFAV,0,0,0,0,0,0,0,0,0,0,0,0,3,
10/22/19,Erin Shilling,SEFL04,14:09,14:29,,1000,CNAT,0,0,0,0,0,0,0,0,0,0,0,0,2,
10/22/19,Erin Shilling,SEFL04,14:09,14:29,,1000,MDEC,0,0,0,0,0,0,0,0,0,0,0,0,1,
10/22/19,Erin Shilling,SEFL04,14:09,14:29,,1000,MMEA,0,0,0,0,0,0,0,0,0,0,0,0,1,
11/25/19,Erin Shilling,SLR North,9:54,10:14,,700,SSID,0,0,0,0,0,0,0,0,0,1,0,1,3,
11/25/19,Erin Shilling,SLR Central,10:31,10:51,,700,PAST,0,0,0,0,0,0,0,0,1,2,0,3,92,
11/25/19,Erin Shilling,SLR Central,10:31,10:51,,700,PCLI,0,0,0,0,0,0,0,0,0,0,0,0,3,
11/25/19,Erin Shilling,SLR Central,10:31,10:51,,700,SSID,0,0,0,0,0,0,0,0,0,0,0,0,3,
11/25/19,Erin Shilling,SLR South,11:08,11:28,,700,SBOU,0,0,0,0,0,0,0,0,0,0,0,0,1,
11/25/19,Erin Shilling,SLR South,11:08,11:28,,700,PAST,0,0,0,0,0,0,0,0,0,0,0,0,2,
11/25/19,Erin Shilling,SLR Ledge,11:45,12:05,,700,MDEC,0,0,0,0,0,0,0,0,0,0,0,0,1,
11/25/19,Erin Shilling,SLR Ledge,11:45,12:05,,700,PCLI,0,0,0,0,0,0,0,0,0,0,0,0,3,
11/25/19,Erin Shilling,SLR Ledge,11:45,12:05,,700,MCAV,0,0,0,0,0,0,0,0,0,0,0,0,2,
11/25/19,Erin Shilling,SLR Ledge,11:45,12:05,,700,SSID,0,0,0,0,0,0,0,0,0,0,0,0,2,
1/16/20,Lexie Sturm,FTL4,9:21,9:41,15,700,MCAV,0,0,0,0,0,2,0,0,0,0,0,2,48,
1/16/20,Lexie Sturm,FTL4,9:21,9:41,15,700,SSID,0,0,0,0,0,0,0,0,0,0,0,0,2,
1/16/20,Lexie Sturm,FTL4,9:21,9:41,15,700,SINT,0,0,0,0,0,0,0,0,0,0,0,0,5,
1/16/20,Lexie Sturm,FTL4,9:21,9:41,15,700,PAST,0,0,0,0,0,0,0,0,0,0,0,0,15,
1/16/20,Lexie Sturm,FTL4,9:21,9:41,15,700,AAGA,0,0,0,0,0,0,0,0,0,0,0,0,1,
1/16/20,Lexie Sturm,FTL4,9:21,9:41,15,700,SRAD,0,0,0,0,0,0,0,0,0,0,0,0,4,
1/16/20,Lexie Sturm,FTL4,9:21,9:41,15,700,ACER,0,0,0,0,0,0,0,0,0,0,0,0,7,
1/16/20,Lexie Sturm,FTL4,9:21,9:41,15,700,OFAV,0,0,0,0,0,0,0,0,0,0,0,0,1,
1/16/20,Lexie Sturm,FTL4,9:21,9:41,15,700,SBOU,0,0,0,0,0,0,0,0,0,0,0,0,1,
1/16/20,Ian Combs,BC1,10:02,10:22,16,700,MCAV,0,0,0,0,0,7,0,0,0,0,0,7,109,
1/16/20,Ian Combs,BC1,10:02,10:22,16,700,SB OU,0,0,0,0,0,1,0,0,0,0,0,1,5,
1/16/20,Ian Combs,BC1,10:02,10:22,16,700,PFUR,0,0,0,0,0,0,0,0,0,0,0,0,1,
1/16/20,Ian Combs,BC1,10:02,10:22,16,700,SRAD,0,0,0,0,0,0,0,0,0,0,0,0,8,
1/16/20,Ian Combs,BC1,10:02,10:22,16,700,OFAV,0,0,0,0,0,0,0,0,0,0,0,0,5,
1/16/20,Ian Combs,BC1,10:02,10:22,16,700,SINT,0,0,0,0,0,0,0,0,0,0,0,0,2,
1/16/20,Ian Combs,BC1,10:02,10:22,16,700,ACER,0,0,0,0,0,0,0,0,0,0,0,0,37,
1/16/20,Ian Combs,BC1,10:02,10:22,16,700,PAST,0,0,0,0,0,0,0,0,0,0,0,0,3,
1/16/20,Ian Combs,BC1,10:02,10:22,16,700,SSID,0,0,0,0,0,0,0,0,0,0,0,0,1,
1/16/20,Lexie Sturm,T328,10:52,11:12,13,700,MCAV,0,0,0,0,0,1,0,0,0,0,0,1,44,
1/16/20,Lexie Sturm,T328,10:52,11:12,13,700,SSID,0,0,0,0,0,1,0,0,0,0,0,1,6,
1/16/20,Lexie Sturm,T328,10:52,11:12,13,700,ACER,0,0,0,0,0,0,0,0,0,0,0,0,25,
1/16/20,Lexie Sturm,T328,10:52,11:12,13,700,PAST,0,0,0,0,0,0,0,0,0,0,0,0,1,
1/16/20,Lexie Sturm,T328,10:52,11:12,13,700,PSTR,0,0,0,0,0,0,0,0,0,0,0,0,2,
1/16/20,Lexie Sturm,T328,10:52,11:12,13,700,SINT,0,0,0,0,0,0,0,0,0,0,0,0,4,
1/16/20,Lexie Sturm,T328,10:52,11:12,13,700,AAGA,0,0,0,0,0,0,0,0,0,0,0,0,1,
1/16/20,Lexie Sturm,T328,10:52,11:12,13,700,SRAD,0,0,0,0,0,0,0,0,0,0,0,0,1,
1/30/20,Ian Combs,SEFL12,10:30,10:50,40,700,MCAV,0,0,0,0,0,1,0,0,0,0,0,1,27,
1/30/20,Ian Combs,SEFL12,10:30,10:50,40,700,MDEC,0,0,0,0,0,0,0,0,0,0,0,0,2,
1/30/20,Ian Combs,SEFL12,10:30,10:50,40,700,ODIF,0,0,0,0,0,0,0,0,0,0,0,0,1,
1/30/20,Ian Combs,SEFL12,10:30,10:50,40,700,SRAD,0,0,0,0,0,0,0,0,0,0,0,0,6,
1/30/20,Ian Combs,SEFL12,10:30,10:50,40,700,SINT,0,0,0,0,0,0,0,0,0,0,0,0,6,
1/30/20,Ian Combs,SEFL12,10:30,10:50,40,700,PAST,0,0,0,0,0,0,0,0,0,0,0,0,10,
1/30/20,Ian Combs,SEFL12,10:30,10:50,40,700,PSTO,0,0,0,0,0,0,0,0,0,0,0,0,2,
1/30/20,Ian Combs,SEFL12,10:30,10:50,40,700,MEAM,0,0,0,0,0,0,0,0,0,0,0,0,4,
1/30/20,Ian Combs,SEFL12,10:30,10:50,40,700,PSTR,0,0,0,0,0,0,0,0,0,0,0,0,1,
1/30/20,Ian Combs,SEFL11,11:14,11:34,40,700,MCAV,0,0,0,0,0,0,0,0,0,0,0,0,48,
1/30/20,Ian Combs,SEFL11,11:14,11:34,40,700,PPOR,0,0,0,0,0,0,0,0,0,0,0,0,3,
1/30/20,Ian Combs,SEFL11,11:14,11:34,40,700,SSID,0,0,0,0,0,0,0,0,0,0,0,0,2,
1/30/20,Ian Combs,SEFL11,11:14,11:34,40,700,MEAN,0,0,0,0,0,0,0,0,0,0,0,0,3,
1/30/20,Ian Combs,SEFL11,11:14,11:34,40,700,PAST,0,0,0,0,0,0,0,0,0,0,0,0,16,
1/30/20,Ian Combs,SEFL11,11:14,11:34,40,700,DSTO,0,0,0,0,0,0,0,0,0,0,0,0,1,
1/30/20,Ian Combs,SEFL11,11:14,11:34,40,700,SBOV,0,0,0,0,0,0,0,0,0,0,0,0,1,
1/30/20,Ian Combs,SEFL11,11:14,11:34,40,700,SINT,0,0,0,0,0,0,0,0,0,0,0,0,4,
1/30/20,Ian Combs,SEFL11,11:14,11:34,40,700,SRAD,0,0,0,0,0,0,0,0,0,0,0,0,1,
1/30/20,Ian Combs,SEFL11,11:14,11:34,40,700,MLAM,0,0,0,0,0,0,0,0,0,0,0,0,1,
1/30/20,Ian Combs,SEFL08,12:10,12:30,40,700,MCAV,0,0,0,0,0,0,0,0,0,0,0,0,35,
1/30/20,Ian Combs,SEFL08,12:10,12:30,40,700,PAST,0,0,0,0,0,0,0,0,0,0,0,0,30,
1/30/20,Ian Combs,SEFL08,12:10,12:30,40,700,MMEA,0,0,0,0,0,0,0,0,0,0,0,0,2,
1/30/20,Ian Combs,SEFL08,12:10,12:30,40,700,SINT,0,0,0,0,0,0,0,0,0,0,0,0,4,
1/30/20,Ian Combs,SEFL08,12:10,12:30,40,700,DSTO,0,0,0,0,0,0,0,0,0,0,0,0,2,
1/30/20,Ian Combs,SEFL08,12:10,12:30,40,700,PAST,0,0,0,0,0,0,0,0,0,0,0,0,4,
3/12/20,Ian Combs,BC1,8:50,9:10,16,700,MCAV,0,0,0,0,0,0,0,0,0,0,0,32,130,
3/12/20,Ian Combs,BC1,8:50,9:10,16,700,PAST,0,0,0,0,0,0,0,0,0,0,0,0,7,
3/12/20,Ian Combs,BC1,8:50,9:10,16,700,SINT,0,0,0,0,0,0,0,0,0,0,0,0,10,
3/12/20,Ian Combs,BC1,8:50,9:10,16,700,SBOU,0,0,0,0,0,0,0,0,0,0,0,1,10,
3/12/20,Ian Combs,BC1,8:50,9:10,16,700,SSID,0,0,0,0,0,0,0,0,0,0,0,0,13,
3/12/20,Ian Combs,BC1,8:50,9:10,16,700,OFAV,0,0,0,0,0,0,0,0,0,0,0,0,5,
3/12/20,Ian Combs,BC1,8:50,9:10,16,700,OANN,0,0,0,0,0,0,0,0,0,0,0,0,1,
3/12/20,Ian Combs,BC1,8:50,9:10,16,700,PCLI,0,0,0,0,0,0,0,0,0,0,0,0,1,
3/12/20,Ian Combs,T328,9:49,10:09,13,700,MCAV,0,0,0,0,0,0,0,0,0,0,0,12,37,
3/12/20,Ian Combs,T328,9:49,10:09,13,700,PAST,0,0,0,0,0,0,0,0,0,0,0,0,6,
3/12/20,Ian Combs,T328,9:49,10:09,13,700,AAGA,0,0,0,0,0,0,0,0,0,0,0,2,4,
3/12/20,Ian Combs,T328,9:49,10:09,13,700,OFAV,0,0,0,0,0,0,0,0,0,0,0,0,2,
3/12/20,Ian Combs,T328,9:49,10:09,13,700,SSID,0,0,0,0,0,0,0,0,0,0,0,1,3,
3/12/20,Ian Combs,T328,9:49,10:09,13,700,SINT,0,0,0,0,0,0,0,0,0,0,0,0,5,
3/12/20,Ian Combs,T328,9:49,10:09,13,700,DSTO,0,0,0,0,0,0,0,0,0,0,0,0,1,
3/12/20,Ian Combs,T328,9:49,10:09,13,700,PSTR,0,0,0,0,0,0,0,0,0,0,0,0,1,
3/12/20,Ian Combs,FTL4,8:03,8:23,15,700,MCAV,0,0,0,0,0,0,0,0,0,0,0,8,87,
3/12/20,Ian Combs,FTL4,8:03,8:23,15,700,SINT,0,0,0,0,0,0,0,0,0,0,0,0,7,
3/12/20,Ian Combs,FTL4,8:03,8:23,15,700,SSID,0,0,0,0,0,0,0,0,0,0,0,1,18,
3/12/20,Ian Combs,FTL4,8:03,8:23,15,700,SBOU,0,0,0,0,0,0,0,0,0,0,0,0,2,
3/12/20,Ian Combs,FTL4,8:03,8:23,15,700,PAST,0,0,0,0,0,0,0,0,0,0,0,0,5,
3/12/20,Ian Combs,FTL4,8:03,8:23,15,700,OFAV,0,0,0,0,0,0,0,0,0,0,0,0,2,
3/12/20,Ian Combs,FTL4,8:03,8:23,15,700,OANN,0,0,0,0,0,0,0,0,0,0,0,0,2,